model_type,model_id,meeting_type_id
Labs\Project\Entities\Project,1,1
Labs\Project\Entities\Project,2,1
Labs\Project\Entities\Project,3,1
Labs\Project\Entities\Project,4,1
Labs\Project\Entities\Project,5,1
Labs\Project\Entities\Project,6,1
Labs\Project\Entities\Project,11,1
Labs\Project\Entities\Project,12,1
Labs\Project\Entities\Project,13,1
Labs\Project\Entities\Project,14,1
Labs\Project\Entities\Project,15,1
Labs\Project\Entities\Project,16,1
Labs\Project\Entities\Project,17,1
Labs\Project\Entities\Project,18,1
Labs\Project\Entities\Project,20,1
Labs\Project\Entities\Project,21,1
Labs\Project\Entities\Project,22,1
Labs\Project\Entities\Project,23,1
Labs\Project\Entities\Project,24,1
Labs\Project\Entities\Project,25,1
Labs\Project\Entities\Project,26,1
Labs\Project\Entities\Project,27,1
Labs\Project\Entities\Project,28,1
Labs\Project\Entities\Project,29,1
Labs\Project\Entities\Project,30,1
Labs\Project\Entities\Project,31,1
Labs\Project\Entities\Project,32,1
Labs\Project\Entities\Project,33,1
Labs\Project\Entities\Project,34,1
Labs\Project\Entities\Project,35,1
Labs\Project\Entities\Project,37,1
Labs\Project\Entities\Project,38,1
Labs\Project\Entities\Project,56,1
Labs\Project\Entities\Project,57,1
Labs\Project\Entities\Project,58,1
Labs\Project\Entities\Project,59,1
Labs\Project\Entities\Project,60,1
Labs\Project\Entities\Project,61,1
Labs\Project\Entities\Project,62,1
Labs\Project\Entities\Project,63,1
Labs\Project\Entities\Project,72,1
Labs\Project\Entities\Project,75,1
Labs\Project\Entities\Project,76,1
Labs\Project\Entities\Project,77,1
Labs\Project\Entities\Project,78,1
Labs\Project\Entities\Project,79,1
Labs\Project\Entities\Project,80,1
Labs\Project\Entities\Project,81,1
Labs\Project\Entities\Project,84,1
Labs\Project\Entities\Project,85,1
Labs\Project\Entities\Project,86,1
Labs\Project\Entities\Project,87,1
Labs\Project\Entities\Project,88,1
Labs\Project\Entities\Project,89,1
Labs\Project\Entities\Project,90,1
Labs\Project\Entities\Project,91,1
Labs\Project\Entities\Project,92,1
Labs\Project\Entities\Project,93,1
Labs\Project\Entities\Project,94,1
Labs\Project\Entities\Project,95,1
Labs\Project\Entities\Project,96,1
Labs\Project\Entities\Project,97,1
Labs\Project\Entities\Project,98,1
Labs\Project\Entities\Project,101,1
Labs\Project\Entities\Project,102,1
Labs\Project\Entities\Project,103,1
Labs\Project\Entities\Project,104,1
Labs\Project\Entities\Project,105,1
Labs\Project\Entities\Project,106,1
Labs\Project\Entities\Project,107,1
Labs\Project\Entities\Project,108,1
Labs\Project\Entities\Project,109,1
Labs\Project\Entities\Project,110,1
Labs\Project\Entities\Project,111,1
Labs\Project\Entities\Project,112,1
Labs\Project\Entities\Project,113,1
Labs\Project\Entities\Project,114,1
Labs\Project\Entities\Project,115,1
Labs\Project\Entities\Project,116,1
Labs\Project\Entities\Project,118,1
Labs\Project\Entities\Project,119,1
Labs\Project\Entities\Project,120,1
Labs\Project\Entities\Project,121,1
Labs\Project\Entities\Project,122,1
Labs\Project\Entities\Project,123,1
Labs\Project\Entities\Project,124,1
Labs\Project\Entities\Project,125,1
Labs\Project\Entities\Project,126,1
Labs\Project\Entities\Project,127,1
Labs\Project\Entities\Project,128,1
Labs\Project\Entities\Project,129,1
Labs\Project\Entities\Project,130,1
Labs\Project\Entities\Project,131,1
Labs\Project\Entities\Project,132,1
Labs\Project\Entities\Project,133,1
Labs\Project\Entities\Project,134,1
Labs\Project\Entities\Project,135,1
Labs\Project\Entities\Project,137,1
Labs\Project\Entities\Project,138,1
Labs\Project\Entities\Project,139,1
Labs\Project\Entities\Project,141,1
Labs\Project\Entities\Project,150,1
Labs\Project\Entities\Project,156,1
Labs\Project\Entities\Project,160,1
Labs\Project\Entities\Project,161,1
Labs\Project\Entities\Project,162,1
Labs\Project\Entities\Project,166,1
Labs\Project\Entities\Project,167,1
Labs\Project\Entities\Project,170,1
Labs\Project\Entities\Project,171,1
Labs\Project\Entities\Project,172,1
Labs\Project\Entities\Project,173,1
Labs\Project\Entities\Project,174,1
Labs\Project\Entities\Project,176,1
Labs\Project\Entities\Project,177,1
Labs\Project\Entities\Project,179,1
Labs\Project\Entities\Project,182,1
Labs\Project\Entities\Project,185,1
Labs\Project\Entities\Project,186,1
Labs\Project\Entities\Project,187,1
Labs\Project\Entities\Project,188,1
Labs\Project\Entities\Project,189,1
Labs\Project\Entities\Project,190,1
Labs\Project\Entities\Project,191,1
Labs\Project\Entities\Project,192,1
Labs\Project\Entities\Project,193,1
Labs\Project\Entities\Project,194,1
Labs\Project\Entities\Project,195,1
Labs\Project\Entities\Project,196,1
Labs\Project\Entities\Project,197,1
Labs\Project\Entities\Project,198,1
Labs\Project\Entities\Project,199,1
Labs\Project\Entities\Project,200,1
Labs\Project\Entities\Project,201,1
Labs\Project\Entities\Project,202,1
Labs\Project\Entities\Project,203,1
Labs\Project\Entities\Project,208,1
Labs\Project\Entities\Project,211,1
Labs\Project\Entities\Project,212,1
Labs\Project\Entities\Project,213,1
Labs\Project\Entities\Project,214,1
Labs\Project\Entities\Project,219,1
Labs\Project\Entities\Project,220,1
Labs\Project\Entities\Project,222,1
Labs\Project\Entities\Project,223,1
Labs\Project\Entities\Project,224,1
Labs\Project\Entities\Project,225,1
Labs\Project\Entities\Project,226,1
Labs\Project\Entities\Project,227,1
Labs\Project\Entities\Project,228,1
Labs\Project\Entities\Project,229,1
Labs\Project\Entities\Project,230,1
Labs\Project\Entities\Project,231,1
Labs\Project\Entities\ProjectContact,2,1
Labs\Project\Entities\ProjectContact,3,1
Labs\Project\Entities\ProjectContact,4,1
Labs\Project\Entities\ProjectContact,6,1
Labs\Project\Entities\ProjectContact,7,1
Labs\Project\Entities\ProjectContact,8,1
Labs\Project\Entities\ProjectContact,13,1
Labs\Project\Entities\ProjectContact,17,1
Labs\Project\Entities\ProjectContact,23,1
Labs\Project\Entities\ProjectContact,25,1
Labs\Project\Entities\ProjectContact,26,1
Labs\Project\Entities\ProjectContact,27,1
Labs\Project\Entities\ProjectContact,30,1
Labs\Project\Entities\ProjectContact,32,1
Labs\Project\Entities\ProjectContact,33,1
Labs\Project\Entities\ProjectContact,34,1
Labs\Project\Entities\ProjectContact,38,1
Labs\Project\Entities\ProjectContact,42,1
Labs\Project\Entities\ProjectContact,43,1
Labs\Project\Entities\ProjectContact,44,1
Labs\Project\Entities\ProjectContact,49,1
Labs\Project\Entities\ProjectContact,56,1
Labs\Project\Entities\ProjectContact,61,1
Labs\Project\Entities\ProjectContact,68,1
Labs\Project\Entities\ProjectContact,102,1
Labs\Project\Entities\ProjectContact,103,1
Labs\Project\Entities\ProjectContact,104,1
Labs\Project\Entities\ProjectContact,105,1
Labs\Project\Entities\ProjectContact,107,1
Labs\Project\Entities\ProjectContact,108,1
Labs\Project\Entities\ProjectContact,109,1
Labs\Project\Entities\ProjectContact,111,1
Labs\Project\Entities\ProjectContact,112,1
Labs\Project\Entities\ProjectContact,115,1
Labs\Project\Entities\ProjectContact,116,1
Labs\Project\Entities\ProjectContact,120,1
Labs\Project\Entities\ProjectContact,122,1
Labs\Project\Entities\ProjectContact,123,1
Labs\Project\Entities\ProjectContact,124,1
Labs\Project\Entities\ProjectContact,125,1
Labs\Project\Entities\ProjectContact,127,1
Labs\Project\Entities\ProjectContact,130,1
Labs\Project\Entities\ProjectContact,133,1
Labs\Project\Entities\ProjectContact,135,1
Labs\Project\Entities\ProjectContact,137,1
Labs\Project\Entities\ProjectContact,138,1
Labs\Project\Entities\ProjectContact,139,1
Labs\Project\Entities\ProjectContact,140,1
Labs\Project\Entities\ProjectContact,141,1
Labs\Project\Entities\ProjectContact,142,1
Labs\Project\Entities\ProjectContact,145,1
Labs\Project\Entities\ProjectContact,147,1
Labs\Project\Entities\ProjectContact,154,1
Labs\Project\Entities\ProjectContact,155,1
Labs\Project\Entities\ProjectContact,158,1
Labs\Project\Entities\ProjectContact,159,1
Labs\Project\Entities\ProjectContact,172,1
Labs\Project\Entities\ProjectContact,180,1
Labs\Project\Entities\ProjectContact,181,1
Labs\Project\Entities\ProjectContact,184,1
Labs\Project\Entities\ProjectContact,185,1
Labs\Project\Entities\ProjectContact,196,1
Labs\Project\Entities\ProjectContact,197,1
Labs\Project\Entities\ProjectContact,199,1
Labs\Project\Entities\ProjectContact,218,1
Labs\Project\Entities\ProjectContact,219,1
Labs\Project\Entities\ProjectContact,221,1
Labs\Project\Entities\ProjectContact,222,1
Labs\Project\Entities\ProjectContact,224,1
Labs\Project\Entities\ProjectContact,226,1
Labs\Project\Entities\ProjectContact,228,1
Labs\Project\Entities\ProjectContact,231,1
Labs\Project\Entities\ProjectContact,234,1
Labs\Project\Entities\ProjectContact,235,1
Labs\Project\Entities\ProjectContact,236,1
Labs\Project\Entities\ProjectContact,237,1
Labs\Project\Entities\ProjectContact,259,1
Labs\Project\Entities\ProjectContact,260,1
Labs\Project\Entities\ProjectContact,266,1
Labs\Project\Entities\ProjectContact,267,1
Labs\Project\Entities\ProjectContact,268,1
Labs\Project\Entities\ProjectContact,270,1
Labs\Project\Entities\ProjectContact,271,1
Labs\Project\Entities\ProjectContact,529,1
Labs\Project\Entities\ProjectContact,530,1
Labs\Project\Entities\ProjectContact,555,1
Labs\Project\Entities\ProjectContact,587,1
Labs\Project\Entities\ProjectContact,588,1
Labs\Project\Entities\ProjectContact,589,1
Labs\Project\Entities\ProjectContact,590,1
Labs\Project\Entities\ProjectContact,591,1
Labs\Project\Entities\ProjectContact,592,1
Labs\Project\Entities\ProjectContact,613,1
Labs\Project\Entities\ProjectContact,614,1
Labs\Project\Entities\Project,1,2
Labs\Project\Entities\Project,2,2
Labs\Project\Entities\Project,3,2
Labs\Project\Entities\Project,4,2
Labs\Project\Entities\Project,5,2
Labs\Project\Entities\Project,6,2
Labs\Project\Entities\Project,11,2
Labs\Project\Entities\Project,12,2
Labs\Project\Entities\Project,13,2
Labs\Project\Entities\Project,14,2
Labs\Project\Entities\Project,15,2
Labs\Project\Entities\Project,16,2
Labs\Project\Entities\Project,17,2
Labs\Project\Entities\Project,18,2
Labs\Project\Entities\Project,20,2
Labs\Project\Entities\Project,21,2
Labs\Project\Entities\Project,22,2
Labs\Project\Entities\Project,23,2
Labs\Project\Entities\Project,24,2
Labs\Project\Entities\Project,25,2
Labs\Project\Entities\Project,26,2
Labs\Project\Entities\Project,27,2
Labs\Project\Entities\Project,28,2
Labs\Project\Entities\Project,29,2
Labs\Project\Entities\Project,30,2
Labs\Project\Entities\Project,31,2
Labs\Project\Entities\Project,32,2
Labs\Project\Entities\Project,33,2
Labs\Project\Entities\Project,34,2
Labs\Project\Entities\Project,35,2
Labs\Project\Entities\Project,37,2
Labs\Project\Entities\Project,38,2
Labs\Project\Entities\Project,56,2
Labs\Project\Entities\Project,57,2
Labs\Project\Entities\Project,59,2
Labs\Project\Entities\Project,60,2
Labs\Project\Entities\Project,61,2
Labs\Project\Entities\Project,62,2
Labs\Project\Entities\Project,63,2
Labs\Project\Entities\Project,72,2
Labs\Project\Entities\Project,75,2
Labs\Project\Entities\Project,76,2
Labs\Project\Entities\Project,77,2
Labs\Project\Entities\Project,78,2
Labs\Project\Entities\Project,79,2
Labs\Project\Entities\Project,80,2
Labs\Project\Entities\Project,81,2
Labs\Project\Entities\Project,84,2
Labs\Project\Entities\Project,85,2
Labs\Project\Entities\Project,86,2
Labs\Project\Entities\Project,87,2
Labs\Project\Entities\Project,88,2
Labs\Project\Entities\Project,89,2
Labs\Project\Entities\Project,90,2
Labs\Project\Entities\Project,91,2
Labs\Project\Entities\Project,92,2
Labs\Project\Entities\Project,93,2
Labs\Project\Entities\Project,94,2
Labs\Project\Entities\Project,95,2
Labs\Project\Entities\Project,96,2
Labs\Project\Entities\Project,97,2
Labs\Project\Entities\Project,98,2
Labs\Project\Entities\Project,101,2
Labs\Project\Entities\Project,102,2
Labs\Project\Entities\Project,103,2
Labs\Project\Entities\Project,104,2
Labs\Project\Entities\Project,105,2
Labs\Project\Entities\Project,106,2
Labs\Project\Entities\Project,107,2
Labs\Project\Entities\Project,108,2
Labs\Project\Entities\Project,109,2
Labs\Project\Entities\Project,110,2
Labs\Project\Entities\Project,111,2
Labs\Project\Entities\Project,112,2
Labs\Project\Entities\Project,113,2
Labs\Project\Entities\Project,114,2
Labs\Project\Entities\Project,115,2
Labs\Project\Entities\Project,116,2
Labs\Project\Entities\Project,118,2
Labs\Project\Entities\Project,119,2
Labs\Project\Entities\Project,120,2
Labs\Project\Entities\Project,121,2
Labs\Project\Entities\Project,122,2
Labs\Project\Entities\Project,123,2
Labs\Project\Entities\Project,124,2
Labs\Project\Entities\Project,125,2
Labs\Project\Entities\Project,126,2
Labs\Project\Entities\Project,127,2
Labs\Project\Entities\Project,128,2
Labs\Project\Entities\Project,129,2
Labs\Project\Entities\Project,130,2
Labs\Project\Entities\Project,131,2
Labs\Project\Entities\Project,132,2
Labs\Project\Entities\Project,133,2
Labs\Project\Entities\Project,134,2
Labs\Project\Entities\Project,135,2
Labs\Project\Entities\Project,137,2
Labs\Project\Entities\Project,138,2
Labs\Project\Entities\Project,139,2
Labs\Project\Entities\Project,141,2
Labs\Project\Entities\Project,150,2
Labs\Project\Entities\Project,156,2
Labs\Project\Entities\Project,160,2
Labs\Project\Entities\Project,161,2
Labs\Project\Entities\Project,162,2
Labs\Project\Entities\Project,166,2
Labs\Project\Entities\Project,167,2
Labs\Project\Entities\Project,170,2
Labs\Project\Entities\Project,171,2
Labs\Project\Entities\Project,172,2
Labs\Project\Entities\Project,173,2
Labs\Project\Entities\Project,174,2
Labs\Project\Entities\Project,176,2
Labs\Project\Entities\Project,177,2
Labs\Project\Entities\Project,179,2
Labs\Project\Entities\Project,182,2
Labs\Project\Entities\Project,185,2
Labs\Project\Entities\Project,186,2
Labs\Project\Entities\Project,187,2
Labs\Project\Entities\Project,188,2
Labs\Project\Entities\Project,189,2
Labs\Project\Entities\Project,190,2
Labs\Project\Entities\Project,191,2
Labs\Project\Entities\Project,192,2
Labs\Project\Entities\Project,193,2
Labs\Project\Entities\Project,194,2
Labs\Project\Entities\Project,195,2
Labs\Project\Entities\Project,196,2
Labs\Project\Entities\Project,197,2
Labs\Project\Entities\Project,198,2
Labs\Project\Entities\Project,199,2
Labs\Project\Entities\Project,200,2
Labs\Project\Entities\Project,201,2
Labs\Project\Entities\Project,202,2
Labs\Project\Entities\Project,203,2
Labs\Project\Entities\Project,208,2
Labs\Project\Entities\Project,211,2
Labs\Project\Entities\Project,212,2
Labs\Project\Entities\Project,213,2
Labs\Project\Entities\Project,214,2
Labs\Project\Entities\Project,219,2
Labs\Project\Entities\Project,220,2
Labs\Project\Entities\Project,222,2
Labs\Project\Entities\Project,223,2
Labs\Project\Entities\Project,224,2
Labs\Project\Entities\Project,225,2
Labs\Project\Entities\Project,226,2
Labs\Project\Entities\Project,227,2
Labs\Project\Entities\Project,228,2
Labs\Project\Entities\Project,229,2
Labs\Project\Entities\Project,230,2
Labs\Project\Entities\Project,231,2
Labs\Project\Entities\ProjectContact,2,2
Labs\Project\Entities\ProjectContact,3,2
Labs\Project\Entities\ProjectContact,4,2
Labs\Project\Entities\ProjectContact,6,2
Labs\Project\Entities\ProjectContact,7,2
Labs\Project\Entities\ProjectContact,13,2
Labs\Project\Entities\ProjectContact,26,2
Labs\Project\Entities\ProjectContact,27,2
Labs\Project\Entities\ProjectContact,30,2
Labs\Project\Entities\ProjectContact,32,2
Labs\Project\Entities\ProjectContact,38,2
Labs\Project\Entities\ProjectContact,42,2
Labs\Project\Entities\ProjectContact,43,2
Labs\Project\Entities\ProjectContact,44,2
Labs\Project\Entities\ProjectContact,49,2
Labs\Project\Entities\ProjectContact,61,2
Labs\Project\Entities\ProjectContact,67,2
Labs\Project\Entities\ProjectContact,68,2
Labs\Project\Entities\ProjectContact,102,2
Labs\Project\Entities\ProjectContact,103,2
Labs\Project\Entities\ProjectContact,104,2
Labs\Project\Entities\ProjectContact,105,2
Labs\Project\Entities\ProjectContact,109,2
Labs\Project\Entities\ProjectContact,111,2
Labs\Project\Entities\ProjectContact,112,2
Labs\Project\Entities\ProjectContact,117,2
Labs\Project\Entities\ProjectContact,122,2
Labs\Project\Entities\ProjectContact,123,2
Labs\Project\Entities\ProjectContact,124,2
Labs\Project\Entities\ProjectContact,125,2
Labs\Project\Entities\ProjectContact,137,2
Labs\Project\Entities\ProjectContact,145,2
Labs\Project\Entities\ProjectContact,146,2
Labs\Project\Entities\ProjectContact,147,2
Labs\Project\Entities\ProjectContact,154,2
Labs\Project\Entities\ProjectContact,155,2
Labs\Project\Entities\ProjectContact,158,2
Labs\Project\Entities\ProjectContact,172,2
Labs\Project\Entities\ProjectContact,196,2
Labs\Project\Entities\ProjectContact,197,2
Labs\Project\Entities\ProjectContact,199,2
Labs\Project\Entities\ProjectContact,200,2
Labs\Project\Entities\ProjectContact,228,2
Labs\Project\Entities\ProjectContact,233,2
Labs\Project\Entities\ProjectContact,234,2
Labs\Project\Entities\ProjectContact,237,2
Labs\Project\Entities\ProjectContact,268,2
Labs\Project\Entities\ProjectContact,271,2
Labs\Project\Entities\ProjectContact,587,2
Labs\Project\Entities\ProjectContact,590,2
Labs\Project\Entities\ProjectContact,591,2
Labs\Project\Entities\ProjectContact,592,2
Labs\Project\Entities\Project,1,3
Labs\Project\Entities\Project,2,3
Labs\Project\Entities\Project,3,3
Labs\Project\Entities\Project,4,3
Labs\Project\Entities\Project,5,3
Labs\Project\Entities\Project,6,3
Labs\Project\Entities\Project,11,3
Labs\Project\Entities\Project,12,3
Labs\Project\Entities\Project,13,3
Labs\Project\Entities\Project,14,3
Labs\Project\Entities\Project,15,3
Labs\Project\Entities\Project,16,3
Labs\Project\Entities\Project,17,3
Labs\Project\Entities\Project,18,3
Labs\Project\Entities\Project,20,3
Labs\Project\Entities\Project,21,3
Labs\Project\Entities\Project,22,3
Labs\Project\Entities\Project,23,3
Labs\Project\Entities\Project,24,3
Labs\Project\Entities\Project,25,3
Labs\Project\Entities\Project,26,3
Labs\Project\Entities\Project,27,3
Labs\Project\Entities\Project,28,3
Labs\Project\Entities\Project,29,3
Labs\Project\Entities\Project,30,3
Labs\Project\Entities\Project,31,3
Labs\Project\Entities\Project,32,3
Labs\Project\Entities\Project,33,3
Labs\Project\Entities\Project,34,3
Labs\Project\Entities\Project,35,3
Labs\Project\Entities\Project,37,3
Labs\Project\Entities\Project,38,3
Labs\Project\Entities\Project,56,3
Labs\Project\Entities\Project,57,3
Labs\Project\Entities\Project,58,3
Labs\Project\Entities\Project,59,3
Labs\Project\Entities\Project,60,3
Labs\Project\Entities\Project,61,3
Labs\Project\Entities\Project,62,3
Labs\Project\Entities\Project,63,3
Labs\Project\Entities\Project,72,3
Labs\Project\Entities\Project,75,3
Labs\Project\Entities\Project,76,3
Labs\Project\Entities\Project,77,3
Labs\Project\Entities\Project,78,3
Labs\Project\Entities\Project,79,3
Labs\Project\Entities\Project,80,3
Labs\Project\Entities\Project,81,3
Labs\Project\Entities\Project,84,3
Labs\Project\Entities\Project,85,3
Labs\Project\Entities\Project,86,3
Labs\Project\Entities\Project,87,3
Labs\Project\Entities\Project,88,3
Labs\Project\Entities\Project,89,3
Labs\Project\Entities\Project,90,3
Labs\Project\Entities\Project,91,3
Labs\Project\Entities\Project,92,3
Labs\Project\Entities\Project,93,3
Labs\Project\Entities\Project,94,3
Labs\Project\Entities\Project,95,3
Labs\Project\Entities\Project,96,3
Labs\Project\Entities\Project,97,3
Labs\Project\Entities\Project,98,3
Labs\Project\Entities\Project,101,3
Labs\Project\Entities\Project,102,3
Labs\Project\Entities\Project,103,3
Labs\Project\Entities\Project,104,3
Labs\Project\Entities\Project,105,3
Labs\Project\Entities\Project,106,3
Labs\Project\Entities\Project,107,3
Labs\Project\Entities\Project,108,3
Labs\Project\Entities\Project,109,3
Labs\Project\Entities\Project,110,3
Labs\Project\Entities\Project,111,3
Labs\Project\Entities\Project,112,3
Labs\Project\Entities\Project,113,3
Labs\Project\Entities\Project,114,3
Labs\Project\Entities\Project,115,3
Labs\Project\Entities\Project,116,3
Labs\Project\Entities\Project,118,3
Labs\Project\Entities\Project,119,3
Labs\Project\Entities\Project,120,3
Labs\Project\Entities\Project,121,3
Labs\Project\Entities\Project,122,3
Labs\Project\Entities\Project,123,3
Labs\Project\Entities\Project,124,3
Labs\Project\Entities\Project,125,3
Labs\Project\Entities\Project,126,3
Labs\Project\Entities\Project,127,3
Labs\Project\Entities\Project,128,3
Labs\Project\Entities\Project,129,3
Labs\Project\Entities\Project,130,3
Labs\Project\Entities\Project,131,3
Labs\Project\Entities\Project,132,3
Labs\Project\Entities\Project,133,3
Labs\Project\Entities\Project,134,3
Labs\Project\Entities\Project,135,3
Labs\Project\Entities\Project,137,3
Labs\Project\Entities\Project,138,3
Labs\Project\Entities\Project,139,3
Labs\Project\Entities\Project,141,3
Labs\Project\Entities\Project,150,3
Labs\Project\Entities\Project,156,3
Labs\Project\Entities\Project,160,3
Labs\Project\Entities\Project,161,3
Labs\Project\Entities\Project,162,3
Labs\Project\Entities\Project,166,3
Labs\Project\Entities\Project,167,3
Labs\Project\Entities\Project,170,3
Labs\Project\Entities\Project,171,3
Labs\Project\Entities\Project,172,3
Labs\Project\Entities\Project,173,3
Labs\Project\Entities\Project,174,3
Labs\Project\Entities\Project,176,3
Labs\Project\Entities\Project,177,3
Labs\Project\Entities\Project,179,3
Labs\Project\Entities\Project,182,3
Labs\Project\Entities\Project,185,3
Labs\Project\Entities\Project,186,3
Labs\Project\Entities\Project,187,3
Labs\Project\Entities\Project,188,3
Labs\Project\Entities\Project,189,3
Labs\Project\Entities\Project,190,3
Labs\Project\Entities\Project,191,3
Labs\Project\Entities\Project,192,3
Labs\Project\Entities\Project,193,3
Labs\Project\Entities\Project,194,3
Labs\Project\Entities\Project,195,3
Labs\Project\Entities\Project,196,3
Labs\Project\Entities\Project,197,3
Labs\Project\Entities\Project,198,3
Labs\Project\Entities\Project,199,3
Labs\Project\Entities\Project,200,3
Labs\Project\Entities\Project,201,3
Labs\Project\Entities\Project,202,3
Labs\Project\Entities\Project,203,3
Labs\Project\Entities\Project,208,3
Labs\Project\Entities\Project,211,3
Labs\Project\Entities\Project,212,3
Labs\Project\Entities\Project,213,3
Labs\Project\Entities\Project,214,3
Labs\Project\Entities\Project,219,3
Labs\Project\Entities\Project,220,3
Labs\Project\Entities\Project,222,3
Labs\Project\Entities\Project,223,3
Labs\Project\Entities\Project,224,3
Labs\Project\Entities\Project,225,3
Labs\Project\Entities\Project,226,3
Labs\Project\Entities\Project,227,3
Labs\Project\Entities\Project,228,3
Labs\Project\Entities\Project,229,3
Labs\Project\Entities\Project,230,3
Labs\Project\Entities\Project,231,3
Labs\Project\Entities\Project,1,4
Labs\Project\Entities\Project,2,4
Labs\Project\Entities\Project,3,4
Labs\Project\Entities\Project,4,4
Labs\Project\Entities\Project,5,4
Labs\Project\Entities\Project,6,4
Labs\Project\Entities\Project,11,4
Labs\Project\Entities\Project,12,4
Labs\Project\Entities\Project,13,4
Labs\Project\Entities\Project,14,4
Labs\Project\Entities\Project,15,4
Labs\Project\Entities\Project,16,4
Labs\Project\Entities\Project,17,4
Labs\Project\Entities\Project,18,4
Labs\Project\Entities\Project,20,4
Labs\Project\Entities\Project,21,4
Labs\Project\Entities\Project,22,4
Labs\Project\Entities\Project,23,4
Labs\Project\Entities\Project,24,4
Labs\Project\Entities\Project,25,4
Labs\Project\Entities\Project,26,4
Labs\Project\Entities\Project,27,4
Labs\Project\Entities\Project,28,4
Labs\Project\Entities\Project,29,4
Labs\Project\Entities\Project,30,4
Labs\Project\Entities\Project,31,4
Labs\Project\Entities\Project,32,4
Labs\Project\Entities\Project,33,4
Labs\Project\Entities\Project,34,4
Labs\Project\Entities\Project,35,4
Labs\Project\Entities\Project,37,4
Labs\Project\Entities\Project,38,4
Labs\Project\Entities\Project,56,4
Labs\Project\Entities\Project,57,4
Labs\Project\Entities\Project,59,4
Labs\Project\Entities\Project,60,4
Labs\Project\Entities\Project,61,4
Labs\Project\Entities\Project,62,4
Labs\Project\Entities\Project,63,4
Labs\Project\Entities\Project,72,4
Labs\Project\Entities\Project,75,4
Labs\Project\Entities\Project,76,4
Labs\Project\Entities\Project,77,4
Labs\Project\Entities\Project,78,4
Labs\Project\Entities\Project,79,4
Labs\Project\Entities\Project,80,4
Labs\Project\Entities\Project,81,4
Labs\Project\Entities\Project,84,4
Labs\Project\Entities\Project,85,4
Labs\Project\Entities\Project,86,4
Labs\Project\Entities\Project,87,4
Labs\Project\Entities\Project,88,4
Labs\Project\Entities\Project,89,4
Labs\Project\Entities\Project,90,4
Labs\Project\Entities\Project,91,4
Labs\Project\Entities\Project,92,4
Labs\Project\Entities\Project,93,4
Labs\Project\Entities\Project,94,4
Labs\Project\Entities\Project,95,4
Labs\Project\Entities\Project,96,4
Labs\Project\Entities\Project,97,4
Labs\Project\Entities\Project,98,4
Labs\Project\Entities\Project,101,4
Labs\Project\Entities\Project,102,4
Labs\Project\Entities\Project,103,4
Labs\Project\Entities\Project,104,4
Labs\Project\Entities\Project,105,4
Labs\Project\Entities\Project,106,4
Labs\Project\Entities\Project,107,4
Labs\Project\Entities\Project,108,4
Labs\Project\Entities\Project,109,4
Labs\Project\Entities\Project,110,4
Labs\Project\Entities\Project,111,4
Labs\Project\Entities\Project,112,4
Labs\Project\Entities\Project,113,4
Labs\Project\Entities\Project,114,4
Labs\Project\Entities\Project,115,4
Labs\Project\Entities\Project,116,4
Labs\Project\Entities\Project,118,4
Labs\Project\Entities\Project,119,4
Labs\Project\Entities\Project,120,4
Labs\Project\Entities\Project,121,4
Labs\Project\Entities\Project,122,4
Labs\Project\Entities\Project,123,4
Labs\Project\Entities\Project,124,4
Labs\Project\Entities\Project,125,4
Labs\Project\Entities\Project,126,4
Labs\Project\Entities\Project,127,4
Labs\Project\Entities\Project,128,4
Labs\Project\Entities\Project,129,4
Labs\Project\Entities\Project,130,4
Labs\Project\Entities\Project,131,4
Labs\Project\Entities\Project,132,4
Labs\Project\Entities\Project,133,4
Labs\Project\Entities\Project,134,4
Labs\Project\Entities\Project,135,4
Labs\Project\Entities\Project,137,4
Labs\Project\Entities\Project,138,4
Labs\Project\Entities\Project,139,4
Labs\Project\Entities\Project,141,4
Labs\Project\Entities\Project,150,4
Labs\Project\Entities\Project,156,4
Labs\Project\Entities\Project,160,4
Labs\Project\Entities\Project,161,4
Labs\Project\Entities\Project,162,4
Labs\Project\Entities\Project,166,4
Labs\Project\Entities\Project,167,4
Labs\Project\Entities\Project,170,4
Labs\Project\Entities\Project,171,4
Labs\Project\Entities\Project,172,4
Labs\Project\Entities\Project,173,4
Labs\Project\Entities\Project,174,4
Labs\Project\Entities\Project,176,4
Labs\Project\Entities\Project,177,4
Labs\Project\Entities\Project,179,4
Labs\Project\Entities\Project,182,4
Labs\Project\Entities\Project,185,4
Labs\Project\Entities\Project,186,4
Labs\Project\Entities\Project,187,4
Labs\Project\Entities\Project,188,4
Labs\Project\Entities\Project,189,4
Labs\Project\Entities\Project,190,4
Labs\Project\Entities\Project,191,4
Labs\Project\Entities\Project,192,4
Labs\Project\Entities\Project,193,4
Labs\Project\Entities\Project,194,4
Labs\Project\Entities\Project,195,4
Labs\Project\Entities\Project,196,4
Labs\Project\Entities\Project,197,4
Labs\Project\Entities\Project,198,4
Labs\Project\Entities\Project,199,4
Labs\Project\Entities\Project,200,4
Labs\Project\Entities\Project,201,4
Labs\Project\Entities\Project,202,4
Labs\Project\Entities\Project,203,4
Labs\Project\Entities\Project,208,4
Labs\Project\Entities\Project,211,4
Labs\Project\Entities\Project,212,4
Labs\Project\Entities\Project,213,4
Labs\Project\Entities\Project,214,4
Labs\Project\Entities\Project,219,4
Labs\Project\Entities\Project,220,4
Labs\Project\Entities\Project,222,4
Labs\Project\Entities\Project,223,4
Labs\Project\Entities\Project,224,4
Labs\Project\Entities\Project,225,4
Labs\Project\Entities\Project,226,4
Labs\Project\Entities\Project,227,4
Labs\Project\Entities\Project,228,4
Labs\Project\Entities\Project,229,4
Labs\Project\Entities\Project,230,4
Labs\Project\Entities\Project,231,4
Labs\Project\Entities\ProjectContact,2,4
Labs\Project\Entities\ProjectContact,4,4
Labs\Project\Entities\ProjectContact,6,4
Labs\Project\Entities\ProjectContact,7,4
Labs\Project\Entities\ProjectContact,8,4
Labs\Project\Entities\ProjectContact,12,4
Labs\Project\Entities\ProjectContact,21,4
Labs\Project\Entities\ProjectContact,23,4
Labs\Project\Entities\ProjectContact,26,4
Labs\Project\Entities\ProjectContact,27,4
Labs\Project\Entities\ProjectContact,30,4
Labs\Project\Entities\ProjectContact,32,4
Labs\Project\Entities\ProjectContact,38,4
Labs\Project\Entities\ProjectContact,42,4
Labs\Project\Entities\ProjectContact,61,4
Labs\Project\Entities\ProjectContact,67,4
Labs\Project\Entities\ProjectContact,68,4
Labs\Project\Entities\ProjectContact,103,4
Labs\Project\Entities\ProjectContact,104,4
Labs\Project\Entities\ProjectContact,105,4
Labs\Project\Entities\ProjectContact,109,4
Labs\Project\Entities\ProjectContact,111,4
Labs\Project\Entities\ProjectContact,122,4
Labs\Project\Entities\ProjectContact,123,4
Labs\Project\Entities\ProjectContact,124,4
Labs\Project\Entities\ProjectContact,125,4
Labs\Project\Entities\ProjectContact,137,4
Labs\Project\Entities\ProjectContact,145,4
Labs\Project\Entities\ProjectContact,146,4
Labs\Project\Entities\ProjectContact,147,4
Labs\Project\Entities\ProjectContact,159,4
Labs\Project\Entities\ProjectContact,172,4
Labs\Project\Entities\ProjectContact,181,4
Labs\Project\Entities\ProjectContact,196,4
Labs\Project\Entities\ProjectContact,197,4
Labs\Project\Entities\ProjectContact,199,4
Labs\Project\Entities\ProjectContact,200,4
Labs\Project\Entities\ProjectContact,206,4
Labs\Project\Entities\ProjectContact,228,4
Labs\Project\Entities\ProjectContact,234,4
Labs\Project\Entities\ProjectContact,260,4
Labs\Project\Entities\ProjectContact,266,4
Labs\Project\Entities\ProjectContact,267,4
Labs\Project\Entities\ProjectContact,268,4
Labs\Project\Entities\ProjectContact,270,4
Labs\Project\Entities\ProjectContact,271,4
Labs\Project\Entities\ProjectContact,587,4
Labs\Project\Entities\ProjectContact,591,4
Labs\Project\Entities\ProjectContact,592,4
Labs\Project\Entities\ProjectContact,614,4
Labs\Project\Entities\Project,1,5
Labs\Project\Entities\Project,2,5
Labs\Project\Entities\Project,3,5
Labs\Project\Entities\Project,4,5
Labs\Project\Entities\Project,5,5
Labs\Project\Entities\Project,6,5
Labs\Project\Entities\Project,11,5
Labs\Project\Entities\Project,12,5
Labs\Project\Entities\Project,13,5
Labs\Project\Entities\Project,14,5
Labs\Project\Entities\Project,15,5
Labs\Project\Entities\Project,16,5
Labs\Project\Entities\Project,17,5
Labs\Project\Entities\Project,18,5
Labs\Project\Entities\Project,20,5
Labs\Project\Entities\Project,21,5
Labs\Project\Entities\Project,22,5
Labs\Project\Entities\Project,23,5
Labs\Project\Entities\Project,24,5
Labs\Project\Entities\Project,25,5
Labs\Project\Entities\Project,26,5
Labs\Project\Entities\Project,27,5
Labs\Project\Entities\Project,28,5
Labs\Project\Entities\Project,29,5
Labs\Project\Entities\Project,30,5
Labs\Project\Entities\Project,31,5
Labs\Project\Entities\Project,32,5
Labs\Project\Entities\Project,33,5
Labs\Project\Entities\Project,34,5
Labs\Project\Entities\Project,35,5
Labs\Project\Entities\Project,37,5
Labs\Project\Entities\Project,38,5
Labs\Project\Entities\Project,56,5
Labs\Project\Entities\Project,57,5
Labs\Project\Entities\Project,58,5
Labs\Project\Entities\Project,59,5
Labs\Project\Entities\Project,60,5
Labs\Project\Entities\Project,61,5
Labs\Project\Entities\Project,62,5
Labs\Project\Entities\Project,63,5
Labs\Project\Entities\Project,72,5
Labs\Project\Entities\Project,75,5
Labs\Project\Entities\Project,76,5
Labs\Project\Entities\Project,77,5
Labs\Project\Entities\Project,78,5
Labs\Project\Entities\Project,79,5
Labs\Project\Entities\Project,80,5
Labs\Project\Entities\Project,81,5
Labs\Project\Entities\Project,84,5
Labs\Project\Entities\Project,85,5
Labs\Project\Entities\Project,86,5
Labs\Project\Entities\Project,87,5
Labs\Project\Entities\Project,88,5
Labs\Project\Entities\Project,89,5
Labs\Project\Entities\Project,90,5
Labs\Project\Entities\Project,91,5
Labs\Project\Entities\Project,92,5
Labs\Project\Entities\Project,93,5
Labs\Project\Entities\Project,94,5
Labs\Project\Entities\Project,95,5
Labs\Project\Entities\Project,96,5
Labs\Project\Entities\Project,97,5
Labs\Project\Entities\Project,98,5
Labs\Project\Entities\Project,101,5
Labs\Project\Entities\Project,102,5
Labs\Project\Entities\Project,103,5
Labs\Project\Entities\Project,104,5
Labs\Project\Entities\Project,105,5
Labs\Project\Entities\Project,106,5
Labs\Project\Entities\Project,107,5
Labs\Project\Entities\Project,108,5
Labs\Project\Entities\Project,109,5
Labs\Project\Entities\Project,110,5
Labs\Project\Entities\Project,111,5
Labs\Project\Entities\Project,112,5
Labs\Project\Entities\Project,113,5
Labs\Project\Entities\Project,114,5
Labs\Project\Entities\Project,115,5
Labs\Project\Entities\Project,116,5
Labs\Project\Entities\Project,118,5
Labs\Project\Entities\Project,119,5
Labs\Project\Entities\Project,120,5
Labs\Project\Entities\Project,121,5
Labs\Project\Entities\Project,122,5
Labs\Project\Entities\Project,123,5
Labs\Project\Entities\Project,124,5
Labs\Project\Entities\Project,125,5
Labs\Project\Entities\Project,126,5
Labs\Project\Entities\Project,127,5
Labs\Project\Entities\Project,128,5
Labs\Project\Entities\Project,129,5
Labs\Project\Entities\Project,130,5
Labs\Project\Entities\Project,131,5
Labs\Project\Entities\Project,132,5
Labs\Project\Entities\Project,133,5
Labs\Project\Entities\Project,134,5
Labs\Project\Entities\Project,135,5
Labs\Project\Entities\Project,137,5
Labs\Project\Entities\Project,138,5
Labs\Project\Entities\Project,139,5
Labs\Project\Entities\Project,141,5
Labs\Project\Entities\Project,150,5
Labs\Project\Entities\Project,156,5
Labs\Project\Entities\Project,160,5
Labs\Project\Entities\Project,161,5
Labs\Project\Entities\Project,162,5
Labs\Project\Entities\Project,166,5
Labs\Project\Entities\Project,167,5
Labs\Project\Entities\Project,170,5
Labs\Project\Entities\Project,171,5
Labs\Project\Entities\Project,172,5
Labs\Project\Entities\Project,173,5
Labs\Project\Entities\Project,174,5
Labs\Project\Entities\Project,176,5
Labs\Project\Entities\Project,177,5
Labs\Project\Entities\Project,179,5
Labs\Project\Entities\Project,182,5
Labs\Project\Entities\Project,185,5
Labs\Project\Entities\Project,186,5
Labs\Project\Entities\Project,187,5
Labs\Project\Entities\Project,188,5
Labs\Project\Entities\Project,189,5
Labs\Project\Entities\Project,190,5
Labs\Project\Entities\Project,191,5
Labs\Project\Entities\Project,192,5
Labs\Project\Entities\Project,193,5
Labs\Project\Entities\Project,194,5
Labs\Project\Entities\Project,195,5
Labs\Project\Entities\Project,196,5
Labs\Project\Entities\Project,197,5
Labs\Project\Entities\Project,198,5
Labs\Project\Entities\Project,199,5
Labs\Project\Entities\Project,200,5
Labs\Project\Entities\Project,201,5
Labs\Project\Entities\Project,202,5
Labs\Project\Entities\Project,203,5
Labs\Project\Entities\Project,208,5
Labs\Project\Entities\Project,211,5
Labs\Project\Entities\Project,212,5
Labs\Project\Entities\Project,213,5
Labs\Project\Entities\Project,214,5
Labs\Project\Entities\Project,219,5
Labs\Project\Entities\Project,220,5
Labs\Project\Entities\Project,222,5
Labs\Project\Entities\Project,223,5
Labs\Project\Entities\Project,224,5
Labs\Project\Entities\Project,225,5
Labs\Project\Entities\Project,226,5
Labs\Project\Entities\Project,227,5
Labs\Project\Entities\Project,228,5
Labs\Project\Entities\Project,229,5
Labs\Project\Entities\Project,230,5
Labs\Project\Entities\Project,231,5
Labs\Project\Entities\ProjectContact,2,5
Labs\Project\Entities\ProjectContact,4,5
Labs\Project\Entities\ProjectContact,7,5
Labs\Project\Entities\ProjectContact,8,5
Labs\Project\Entities\ProjectContact,12,5
Labs\Project\Entities\ProjectContact,13,5
Labs\Project\Entities\ProjectContact,26,5
Labs\Project\Entities\ProjectContact,27,5
Labs\Project\Entities\ProjectContact,30,5
Labs\Project\Entities\ProjectContact,32,5
Labs\Project\Entities\ProjectContact,38,5
Labs\Project\Entities\ProjectContact,42,5
Labs\Project\Entities\ProjectContact,49,5
Labs\Project\Entities\ProjectContact,54,5
Labs\Project\Entities\ProjectContact,61,5
Labs\Project\Entities\ProjectContact,68,5
Labs\Project\Entities\ProjectContact,102,5
Labs\Project\Entities\ProjectContact,103,5
Labs\Project\Entities\ProjectContact,104,5
Labs\Project\Entities\ProjectContact,105,5
Labs\Project\Entities\ProjectContact,106,5
Labs\Project\Entities\ProjectContact,109,5
Labs\Project\Entities\ProjectContact,111,5
Labs\Project\Entities\ProjectContact,122,5
Labs\Project\Entities\ProjectContact,123,5
Labs\Project\Entities\ProjectContact,124,5
Labs\Project\Entities\ProjectContact,125,5
Labs\Project\Entities\ProjectContact,137,5
Labs\Project\Entities\ProjectContact,146,5
Labs\Project\Entities\ProjectContact,147,5
Labs\Project\Entities\ProjectContact,159,5
Labs\Project\Entities\ProjectContact,172,5
Labs\Project\Entities\ProjectContact,196,5
Labs\Project\Entities\ProjectContact,199,5
Labs\Project\Entities\ProjectContact,200,5
Labs\Project\Entities\ProjectContact,233,5
Labs\Project\Entities\ProjectContact,234,5
Labs\Project\Entities\ProjectContact,237,5
Labs\Project\Entities\ProjectContact,260,5
Labs\Project\Entities\ProjectContact,268,5
Labs\Project\Entities\ProjectContact,270,5
Labs\Project\Entities\ProjectContact,271,5
Labs\Project\Entities\ProjectContact,587,5
Labs\Project\Entities\ProjectContact,592,5
Labs\Project\Entities\ProjectContact,614,5
Labs\Project\Entities\Project,3,6
Labs\Project\Entities\Project,4,10
