project_id,timezone,currency,work_week_type,company_logo,milestones_color,high_level_plan_color,key_deliverable_color,current_date_color,alert_before_project_end_date,alert_before_project_end_date_days_count,alert_when_an_action_overdue,alert_when_multiple_actions_overdue,alert_when_multiple_actions_overdue_days_count,alert_the_day_before_meeting,alert_when_contacts_edit_actions,time_percent,scope_percent,budget_percent,risk_probability,risk_impact,risk_rank_threshold,top_ranked_risks_count,top_ranked_risks_color,delivery_phases,other_gyr_constraint_name,pm_certainty_of_success,pm_estimate_of_work_complete,overall_status_comments,actions_to_change_status,created_at,updated_at
1,UTC,usd,5_day,,#9685f9,#02b1f0,#67d0f6,#ff9f43,1,5,1,1,20,0,1,60.0,10.0,30.0,70,3,210,4,#7C67F8,"[""Ideas Refined"",""Plan & Resource"",""Approval"",""Execute to Plan"",""Review Acceptance"",""Learn & Close""]",Benefits,85,10,We have the plan in place to get back on track and are executing,review this week's progress to ensure we can move back to Green',2021-11-23 05:04:23,2022-09-01 08:01:00
2,UTC,cad,5_day,fqz7iXDM72bqNL8UCt0PkB6zShonoiPoZ77ZKC4r.png,#9685f9,#02b1f0,#67d0f6,#ff9f43,1,2,0,0,2,0,0,50.0,0.0,50.0,70,3,210,3,#7C67F8,"[""Initiation"",""Planning"",""Execution"",""Close""]",Another Focus Area,95,5,We need to obtain more resources from the Support team and need agreement from them to proceed.,Discuss today with VP Engineering to determine next steps and possibility of putting through a change request.,2021-11-23 05:07:29,2022-10-05 12:41:47
3,UTC,cad,7_day,3cbjGD8WOR1DCTpwb0o1i8UnszAMqLmQ2zdmZJ3z.png,#9685f9,#02b1f0,#ff9f43,#f4a1a2,1,2,1,1,2,1,1,20.0,30.0,50.0,70,3,210,3,#7C67F8,"[""Ideation"",""Concept"",""Initiation"",""Planning"",""Execution"",""Close""]",,100,75,,,2021-11-23 05:11:21,2022-03-30 04:26:27
4,UTC,usd,5_day,6X3oV4JJPHOGv3JOFCJmtYHFH6LDFKeMsFPmZfrf.png,#7edda9,#9685f9,#67d0f6,#ff9f43,1,15,1,1,10,1,0,60.0,30.0,10.0,70,3,210,3,#7C67F8,"[""Idea Review"",""Plan Develop"",""Plan Approval"",""Execute & Control"",""Closure Steps"",""Implement in Systems""]",Benefits,95,20,Having issues getting an understanding of how the latest industry security standards for data will affect the poroject,Tech group is re-evaluating the situation and will report back by end of week,2021-11-26 12:01:30,2022-09-07 05:26:13
5,UTC,usd,5_day,,#9685f9,#02b1f0,#67d0f6,#ff9f43,1,10,1,1,2,1,1,,,,70,3,210,3,#7C67F8,"[""Initiation"",""Planning"",""Execution"",""Close""]",,0,0,,,2022-01-10 01:05:21,2022-03-30 04:26:27
6,UTC,usd,5_day,,#9685f9,#02b1f0,#67d0f6,#ff9f43,1,10,1,1,2,1,1,,,,70,3,210,3,#7C67F8,"[""Initiation"",""Planning"",""Execution"",""Close""]",,0,0,,,2022-01-12 04:25:29,2022-03-30 04:26:27
7,UTC,cad,5_day,,#9685f9,#02b1f0,#67d0f6,#ff9f43,1,10,1,1,2,1,1,,,,70,3,210,3,#7C67F8,"[""Initiation"",""Planning"",""Execution"",""Close""]",,0,0,,,2022-01-12 05:20:16,2022-03-30 04:26:27
8,UTC,cad,5_day,,#9685f9,#02b1f0,#67d0f6,#ff9f43,1,10,1,1,2,1,1,30.0,40.0,30.0,70,3,210,3,#7C67F8,"[""Initiation"",""Planning"",""Execution"",""Close""]",,0,0,,,2022-01-12 06:28:03,2022-03-30 04:26:27
9,UTC,usd,5_day,,#9685f9,#02b1f0,#67d0f6,#ff9f43,1,10,1,1,2,1,1,,,,70,3,210,3,#7C67F8,"[""Initiation"",""Planning"",""Execution"",""Close""]",,0,0,,,2022-01-12 06:58:02,2022-03-30 04:26:27
10,UTC,usd,5_day,,#9685f9,#02b1f0,#67d0f6,#ff9f43,1,10,1,1,2,1,1,,,,70,3,210,3,#7C67F8,"[""Initiation"",""Planning"",""Execution"",""Close""]",,0,0,,,2022-01-12 10:39:05,2022-03-30 04:26:27
11,UTC,usd,5_day,,#9685f9,#02b1f0,#67d0f6,#ff9f43,1,10,1,1,2,1,1,20.0,80.0,0.0,70,3,210,3,#7C67F8,"[""Initiation"",""Planning"",""Execution"",""Close""]",,0,0,,,2022-01-13 04:09:56,2022-03-30 04:26:27
12,UTC,usd,5_day,g5jQFzev5N0KmtEUz4EfQ5XwYgsoCeiZliwDk48W.png,#67d0f6,#b4a79f,#67d0f6,#f4a1a2,1,10,1,1,5,1,1,30.0,30.0,40.0,60,3,180,3,#7C67F8,"[""phase 1"",""phase 2"",""phase 3"",""phase 4"",""phase 5""]",,0,0,overall comments done for today,need to act,2022-01-13 04:32:11,2022-04-09 06:05:40
13,UTC,usd,5_day,,#9685f9,#02b1f0,#67d0f6,#ff9f43,1,10,1,1,2,1,1,20.0,80.0,0.0,70,3,210,3,#7C67F8,"[""Initiation"",""Planning"",""Execution"",""Close""]",,0,0,,,2022-01-13 04:41:19,2022-03-30 04:26:27
14,UTC,usd,5_day,,#9685f9,#02b1f0,#67d0f6,#ff9f43,1,10,1,1,2,1,1,50.0,50.0,0.0,70,3,210,3,#7C67F8,"[""Initiation"",""Planning"",""Execution"",""Close""]",,0,0,,,2022-01-14 12:29:44,2022-03-30 04:26:27
15,UTC,usd,5_day,,#9685f9,#02b1f0,#67d0f6,#ff9f43,1,10,1,1,2,1,1,20.0,80.0,0.0,70,3,210,3,#7C67F8,"[""Initiation"",""Planning"",""Execution"",""Close""]",,0,0,,,2022-01-14 12:51:05,2022-03-30 04:26:27
16,UTC,usd,5_day,,#9685f9,#02b1f0,#67d0f6,#ff9f43,1,10,1,1,2,1,1,20.0,0.0,80.0,70,3,210,3,#7C67F8,"[""Initiation"",""Planning"",""Execution"",""Close""]",,0,0,,,2022-01-17 04:05:15,2022-03-30 04:26:27
17,UTC,usd,5_day,,#9685f9,#02b1f0,#67d0f6,#ff9f43,1,10,1,1,2,1,1,0.0,100.0,0.0,70,3,210,3,#7C67F8,"[""Initiation"",""Planning"",""Execution"",""Close""]",,0,0,,,2022-01-17 09:37:22,2022-03-30 04:26:27
18,UTC,usd,5_day,,#9685f9,#02b1f0,#67d0f6,#ff9f43,1,10,1,1,2,1,1,60.0,40.0,0.0,70,3,210,3,#7C67F8,"[""Initiation"",""Planning"",""Execution"",""Close""]",,0,0,,,2022-01-18 06:39:53,2022-03-30 04:26:27
19,UTC,cad,5_day,,#9685f9,#02b1f0,#67d0f6,#ff9f43,1,10,1,1,2,1,1,15.0,5.0,80.0,70,3,210,3,#7C67F8,"[""Initiation"",""Planning"",""Execution"",""Close""]",,0,0,,,2022-01-19 15:24:09,2022-03-30 04:26:27
20,UTC,usd,5_day,,#9685f9,#02b1f0,#67d0f6,#ff9f43,1,2,0,1,2,0,0,80.0,0.0,20.0,70,3,210,3,#7C67F8,"[""Initiation"",""Planning"",""Execution"",""Close""]",,80,50,,,2022-01-23 12:29:46,2022-03-30 04:26:27
21,UTC,usd,5_day,,#9685f9,#02b1f0,#67d0f6,#ff9f43,1,10,1,1,2,1,1,,,,70,3,210,3,#7C67F8,"[""Initiation"",""Planning"",""Execution"",""Close""]",,0,0,,,2022-01-25 12:54:45,2022-03-30 04:26:27
22,UTC,usd,5_day,,#9685f9,#02b1f0,#67d0f6,#ff9f43,1,10,1,1,2,1,1,,,,70,3,210,3,#7C67F8,"[""Initiation"",""Planning"",""Execution"",""Close""]",,0,0,,,2022-01-25 13:20:01,2022-03-30 04:26:27
23,UTC,usd,5_day,,#9685f9,#02b1f0,#67d0f6,#ff9f43,1,10,1,1,2,1,1,50.0,50.0,0.0,70,3,210,3,#7C67F8,"[""Initiation"",""Planning"",""Execution"",""Close""]",,0,0,,,2022-01-28 08:48:10,2022-03-30 04:26:27
24,UTC,cad,5_day,,#9685f9,#02b1f0,#67d0f6,#ff9f43,1,10,1,1,2,1,1,30.0,20.0,50.0,25,3,75,3,#7C67F8,"[""Initiation"",""Planning"",""Execution"",""Close""]",,0,0,,,2022-01-31 15:21:45,2022-03-30 04:26:27
25,UTC,cad,5_day,,#9685f9,#02b1f0,#67d0f6,#ff9f43,1,10,1,1,2,1,1,20.0,50.0,30.0,70,3,210,3,#7C67F8,"[""Initiation"",""Planning"",""Execution"",""Close""]",,0,0,,,2022-02-07 02:09:17,2022-03-30 04:26:27
26,UTC,usd,5_day,,#9685f9,#02b1f0,#67d0f6,#ff9f43,1,10,1,1,2,1,1,75.0,25.0,0.0,70,3,210,3,#7C67F8,"[""Initiation"",""Planning"",""Execution"",""Close""]",,0,0,,,2022-02-07 02:42:26,2022-03-30 04:26:27
27,UTC,usd,5_day,,#9685f9,#02b1f0,#67d0f6,#ff9f43,0,10,1,1,2,0,1,10.0,90.0,0.0,70,3,210,3,#7C67F8,"[""Initiation"",""Planning"",""Execution"",""Close""]",,0,0,,,2022-02-07 06:16:25,2022-06-10 08:32:58
28,UTC,usd,5_day,,#9685f9,#02b1f0,#67d0f6,#ff9f43,1,10,1,1,2,1,1,20.0,20.0,60.0,70,3,210,3,#7C67F8,"[""Initiation"",""Planning"",""Execution"",""Close""]",,0,0,,,2022-02-07 07:00:34,2022-03-30 04:26:27
29,UTC,usd,5_day,,#9685f9,#02b1f0,#67d0f6,#ff9f43,1,10,1,1,2,1,1,30.0,20.0,50.0,70,3,210,3,#7C67F8,"[""Initiation"",""Planning"",""Execution"",""Close""]",,0,0,,,2022-02-07 07:02:25,2022-03-30 04:26:27
30,UTC,usd,5_day,,#9685f9,#02b1f0,#67d0f6,#ff9f43,1,10,1,1,2,1,1,15.0,5.0,80.0,70,3,210,3,#7C67F8,"[""Initiation"",""Planning"",""Execution"",""Close""]",,0,0,test hello,,2022-02-07 07:39:40,2023-03-15 07:06:59
31,UTC,usd,5_day,,#9685f9,#02b1f0,#67d0f6,#ff9f43,1,10,1,1,2,1,1,90.0,10.0,0.0,70,3,210,3,#7C67F8,"[""Initiation"",""Planning"",""Execution"",""Close""]",,0,0,,,2022-02-07 07:46:27,2022-03-30 04:26:27
32,UTC,usd,5_day,,#9685f9,#02b1f0,#67d0f6,#ff9f43,1,10,1,1,2,1,1,90.0,10.0,0.0,70,3,210,3,#7C67F8,"[""Initiation"",""Planning"",""Execution"",""Close""]",,0,0,,,2022-02-07 07:52:07,2022-03-30 04:26:27
33,UTC,usd,5_day,,#9685f9,#02b1f0,#67d0f6,#ff9f43,1,10,1,1,2,1,1,70.0,20.0,10.0,70,3,210,3,#7C67F8,"[""Initiation"",""Planning"",""Execution"",""Close""]",,0,0,,,2022-02-09 11:08:05,2022-03-30 04:26:27
34,UTC,usd,5_day,,#9685f9,#02b1f0,#67d0f6,#ff9f43,1,10,1,1,2,1,1,15.0,25.0,60.0,70,3,210,3,#7C67F8,"[""Initiation"",""Planning"",""Execution"",""Close""]",,0,0,,,2022-02-14 08:20:10,2022-03-30 04:26:27
35,UTC,usd,5_day,,#9685f9,#02b1f0,#67d0f6,#ff9f43,1,10,1,1,2,1,1,,,,70,3,210,3,#7C67F8,"[""Initiation"",""Planning"",""Execution"",""Close""]",,10,5,,,2022-02-15 07:58:22,2022-03-30 04:26:27
36,UTC,cad,5_day,,#9685f9,#02b1f0,#67d0f6,#ff9f43,1,10,1,1,2,1,1,40.0,25.0,35.0,70,3,210,3,#7C67F8,"[""Initiation"",""Planning"",""Execution"",""Close""]",Additional Area,0,0,Overall 50 Characters,500 chars,2022-02-28 03:46:27,2022-03-30 04:26:27
37,UTC,usd,5_day,,#9685f9,#02b1f0,#67d0f6,#ff9f43,1,10,1,1,2,1,1,,,,70,3,210,3,#7C67F8,"[""Initiation"",""Planning"",""Execution"",""Close""]",,0,0,,,2022-03-01 11:23:08,2022-03-30 04:26:27
38,UTC,cad,5_day,,#9685f9,#02b1f0,#67d0f6,#ff9f43,1,10,1,1,2,1,1,25.0,75.0,0.0,70,3,210,3,#7C67F8,"[""Initiation"",""Planning"",""Execution"",""Close""]",,0,0,,,2022-03-04 09:57:09,2022-03-30 04:26:27
39,UTC,usd,5_day,,#9685f9,#02b1f0,#67d0f6,#ff9f43,1,10,1,1,2,1,1,,,,70,3,210,3,#7C67F8,"[""Initiation"",""Planning"",""Execution"",""Close""]",,0,0,,,2022-03-07 08:04:12,2022-03-30 04:26:27
40,UTC,usd,5_day,,#9685f9,#02b1f0,#67d0f6,#ff9f43,1,10,1,1,2,1,1,,,,70,3,210,3,#7C67F8,"[""Initiation"",""Planning"",""Execution"",""Close""]",,0,0,,,2022-03-07 08:12:38,2022-03-30 04:26:27
41,UTC,usd,5_day,,#9685f9,#02b1f0,#67d0f6,#ff9f43,1,10,1,1,2,1,1,,,,70,3,210,3,#7C67F8,"[""Initiation"",""Planning"",""Execution"",""Close""]",,0,0,,,2022-03-07 08:19:22,2022-03-30 04:26:27
42,UTC,usd,5_day,,#9685f9,#02b1f0,#67d0f6,#ff9f43,1,10,1,1,2,1,1,,,,70,3,210,3,#7C67F8,"[""Initiation"",""Planning"",""Execution"",""Close""]",,0,0,,,2022-03-07 08:21:17,2022-03-30 04:26:27
43,UTC,usd,5_day,,#9685f9,#02b1f0,#67d0f6,#ff9f43,1,10,1,1,2,1,1,,,,70,3,210,3,#7C67F8,"[""Initiation"",""Planning"",""Execution"",""Close""]",,0,0,,,2022-03-07 08:23:35,2022-03-30 04:26:27
44,UTC,usd,5_day,,#9685f9,#02b1f0,#67d0f6,#ff9f43,1,10,1,1,2,1,1,,,,70,3,210,3,#7C67F8,"[""Initiation"",""Planning"",""Execution"",""Close""]",,0,0,,,2022-03-07 08:26:38,2022-03-30 04:26:27
45,UTC,usd,5_day,,#9685f9,#02b1f0,#67d0f6,#ff9f43,1,10,1,1,2,1,1,,,,70,3,210,3,#7C67F8,"[""Initiation"",""Planning"",""Execution"",""Close""]",,0,0,,,2022-03-07 08:28:08,2022-03-30 04:26:27
46,UTC,usd,5_day,,#9685f9,#02b1f0,#67d0f6,#ff9f43,1,10,1,1,2,1,1,,,,70,3,210,3,#7C67F8,"[""Initiation"",""Planning"",""Execution"",""Close""]",,0,0,,,2022-03-07 08:29:47,2022-03-30 04:26:27
47,UTC,usd,5_day,,#9685f9,#02b1f0,#67d0f6,#ff9f43,1,10,1,1,2,1,1,,,,70,3,210,3,#7C67F8,"[""Initiation"",""Planning"",""Execution"",""Close""]",,0,0,,,2022-03-07 08:35:06,2022-03-30 04:26:27
48,UTC,usd,5_day,,#9685f9,#02b1f0,#67d0f6,#ff9f43,1,10,1,1,2,1,1,,,,70,3,210,3,#7C67F8,"[""Initiation"",""Planning"",""Execution"",""Close""]",,0,0,,,2022-03-07 08:39:21,2022-03-30 04:26:27
49,UTC,usd,5_day,,#9685f9,#02b1f0,#67d0f6,#ff9f43,1,10,1,1,2,1,1,,,,70,3,210,3,#7C67F8,"[""Initiation"",""Planning"",""Execution"",""Close""]",,0,0,,,2022-03-07 08:42:14,2022-03-30 04:26:27
50,UTC,usd,5_day,,#9685f9,#02b1f0,#67d0f6,#ff9f43,1,10,1,1,2,1,1,,,,70,3,210,3,#7C67F8,"[""Initiation"",""Planning"",""Execution"",""Close""]",,0,0,,,2022-03-07 08:43:54,2022-03-30 04:26:27
51,UTC,usd,5_day,,#9685f9,#02b1f0,#67d0f6,#ff9f43,1,10,1,1,2,1,1,,,,70,3,210,3,#7C67F8,"[""Initiation"",""Planning"",""Execution"",""Close""]",,0,0,,,2022-03-07 08:45:29,2022-03-30 04:26:27
52,UTC,usd,5_day,,#9685f9,#02b1f0,#67d0f6,#ff9f43,1,10,1,1,2,1,1,,,,70,3,210,3,#7C67F8,"[""Initiation"",""Planning"",""Execution"",""Close""]",,0,0,,,2022-03-07 08:50:06,2022-03-30 04:26:27
53,UTC,usd,5_day,,#9685f9,#02b1f0,#67d0f6,#ff9f43,1,10,1,1,2,1,1,,,,70,3,210,3,#7C67F8,"[""Initiation"",""Planning"",""Execution"",""Close""]",,0,0,,,2022-03-07 08:51:27,2022-03-30 04:26:27
54,UTC,usd,5_day,,#9685f9,#02b1f0,#67d0f6,#ff9f43,1,10,1,1,2,1,1,,,,70,3,210,3,#7C67F8,"[""Initiation"",""Planning"",""Execution"",""Close""]",,0,0,,,2022-03-07 08:52:43,2022-03-30 04:26:27
55,UTC,usd,5_day,,#9685f9,#02b1f0,#67d0f6,#ff9f43,1,10,1,1,2,1,1,,,,70,3,210,3,#7C67F8,"[""Initiation"",""Planning"",""Execution"",""Close""]",,0,0,,,2022-03-07 08:56:23,2022-03-30 04:26:27
56,UTC,usd,5_day,,#9685f9,#02b1f0,#67d0f6,#ff9f43,1,10,1,1,15,0,1,80.0,10.0,10.0,70,5,350,3,#7C67F8,"[""Contracting"",""Fabrication"",""Installations"",""Testing & Approval"",""Wrap-Up""]",ARTS HS,100,75,,,2022-03-12 12:47:46,2023-06-13 12:59:45
57,UTC,usd,5_day,,#9685f9,#02b1f0,#67d0f6,#ff9f43,1,10,1,1,2,1,1,80.0,10.0,10.0,70,3,210,3,#7C67F8,"[""Initiation"",""Planning"",""Execution"",""Close""]",,0,0,,,2022-03-12 13:30:09,2022-03-30 04:26:27
58,UTC,usd,7_day,,#9685f9,#02b1f0,#67d0f6,#ff9f43,0,10,0,0,2,0,1,,,,70,3,210,3,#7C67F8,"[""Initiation"",""Planning"",""Execution"",""Close""]",,0,0,,,2022-03-12 13:46:27,2022-08-17 05:00:18
59,UTC,usd,5_day,,#9685f9,#02b1f0,#67d0f6,#ff9f43,1,10,1,1,2,1,1,,,,70,3,210,3,#7C67F8,"[""Initiation"",""Planning"",""Execution"",""Close""]",,0,0,,,2022-03-12 13:47:22,2022-03-30 04:26:27
60,UTC,cad,5_day,,#9685f9,#02b1f0,#67d0f6,#ff9f43,1,10,1,1,15,1,1,,,,70,3,210,3,#7C67F8,"[""Initiation"",""Planning"",""Execution"",""Close""]",,100,60,,,2022-03-12 13:48:25,2023-06-08 06:21:32
61,UTC,usd,5_day,,#9685f9,#02b1f0,#67d0f6,#ff9f43,1,10,1,1,2,1,1,,,,70,3,210,3,#7C67F8,"[""Initiation"",""Planning"",""Execution"",""Close""]",,0,0,,,2022-03-12 13:49:10,2022-03-30 04:26:27
62,UTC,usd,5_day,,#9685f9,#02b1f0,#67d0f6,#ff9f43,1,10,1,1,2,1,1,60.0,30.0,10.0,70,3,210,3,#7C67F8,"[""Initiation"",""Planning"",""Execution"",""Close""]",,0,0,,,2022-03-12 13:51:12,2022-03-30 04:26:27
63,UTC,usd,5_day,,#9685f9,#02b1f0,#67d0f6,#ff9f43,1,10,1,1,2,1,1,,,,70,3,210,3,#7C67F8,"[""Initiation"",""Planning"",""Execution"",""Close""]",,0,0,,,2022-03-12 13:52:08,2022-03-30 04:26:27
64,UTC,usd,5_day,,#9685f9,#02b1f0,#67d0f6,#ff9f43,1,10,1,1,2,1,1,50.0,20.0,30.0,70,3,210,3,#7C67F8,"[""Initiation"",""Planning"",""Execution"",""Close""]",,50,5,,,2022-03-14 10:04:24,2022-04-26 04:36:08
65,UTC,usd,5_day,,#9685f9,#02b1f0,#67d0f6,#ff9f43,1,10,1,1,2,1,1,30.0,30.0,40.0,70,3,210,3,#7C67F8,"[""Initiation"",""Planning"",""Execution"",""Close""]",,0,0,,,2022-03-14 11:14:33,2022-03-30 04:26:27
66,UTC,usd,5_day,,#9685f9,#02b1f0,#67d0f6,#ff9f43,1,10,1,1,2,1,1,30.0,30.0,40.0,70,3,210,3,#7C67F8,"[""Initiation"",""Planning"",""Execution"",""Close""]",,0,0,,,2022-03-15 04:15:38,2022-03-30 04:26:27
67,UTC,usd,5_day,,#9685f9,#02b1f0,#67d0f6,#ff9f43,1,10,1,1,2,1,1,30.0,30.0,40.0,70,3,210,3,#7C67F8,"[""Initiation"",""Planning"",""Execution"",""Close""]",,0,0,,,2022-03-15 04:24:40,2022-03-30 04:26:27
68,UTC,usd,5_day,,#9685f9,#02b1f0,#67d0f6,#ff9f43,1,10,1,1,2,1,1,30.0,30.0,40.0,70,3,210,3,#7C67F8,"[""Initiation"",""Planning"",""Execution"",""Close""]",,0,0,,,2022-03-15 04:26:19,2022-03-30 04:26:27
69,UTC,usd,5_day,,#9685f9,#02b1f0,#67d0f6,#ff9f43,1,10,1,1,5,1,0,,,,70,3,210,3,#7C67F8,"[""Epic 1"",""Epic 2"",""Epic 3"",""Epic 4"",""Closure""]",,100,20,Needed to revisit the overall plan for full completion of sprints. This is in the approval stages,we have the plan built and are looking for client approval,2022-03-15 12:43:13,2022-03-30 04:26:27
70,UTC,cad,5_day,,#9685f9,#02b1f0,#67d0f6,#ff9f43,1,10,1,1,2,1,1,10.0,80.0,10.0,70,2,140,3,#7C67F8,"[""Sprint 1"",""Sprint 2"",""Sprint 3"",""Sprint 4"",""Retro""]",,90,70,Need to review scope to ensure we meet schedule,meet and obtain approval,2022-03-15 13:05:45,2022-03-31 07:06:11
71,UTC,usd,5_day,,#9685f9,#02b1f0,#67d0f6,#ff9f43,1,10,1,1,2,1,1,,,,70,3,210,3,#7C67F8,"[""Sprint 1"",""Sprint 2"",""Sprint 3"",""Sprint 4"",""Retro""]",,100,20,,,2022-03-15 13:06:41,2022-04-12 07:58:39
72,UTC,usd,5_day,,#9685f9,#02b1f0,#67d0f6,#ff9f43,1,10,1,1,2,1,1,0.0,100.0,0.0,70,3,210,3,#7C67F8,"[""Initiation"",""Planning"",""Execution"",""Close""]",,0,0,,,2022-03-16 00:47:19,2022-03-30 04:26:27
73,UTC,usd,5_day,,#9685f9,#02b1f0,#67d0f6,#ff9f43,1,10,1,1,2,1,1,50.0,10.0,40.0,70,3,210,3,#7C67F8,"[""Initiation"",""Planning"",""Execution"",""Close""]",,0,0,,,2022-03-16 06:10:17,2022-03-30 04:26:27
74,UTC,usd,5_day,,#9685f9,#02b1f0,#67d0f6,#ff9f43,1,10,1,1,2,1,1,50.0,25.0,25.0,70,3,210,3,#7C67F8,"[""Initiation"",""Planning"",""Execution"",""Close""]",,0,0,,,2022-03-16 06:22:45,2022-03-30 04:26:27
75,UTC,usd,5_day,,#9685f9,#02b1f0,#67d0f6,#ff9f43,1,10,1,1,2,1,1,,,,70,3,210,3,#7C67F8,"[""Initiation"",""Planning"",""Execution"",""Close""]",,0,0,,,2022-03-18 08:43:42,2022-03-30 04:26:27
76,UTC,cad,5_day,,#9685f9,#02b1f0,#67d0f6,#ff9f43,1,10,1,1,2,1,1,50.0,50.0,0.0,70,3,210,3,#7C67F8,"[""Initiation"",""Planning"",""Execution"",""Close""]",,0,0,Key duplicates - still missing the Locker Room and Stairwell door keys (1 copy each),Ensure that Superior Lock and Safe are ready to cut keys on Monday March 21,2022-03-18 12:46:42,2022-03-30 04:26:27
77,UTC,usd,5_day,,#9685f9,#02b1f0,#67d0f6,#ff9f43,1,10,1,1,2,1,1,0.0,100.0,0.0,70,3,210,3,#7C67F8,"[""Initiation"",""Planning"",""Execution"",""Close""]",,0,0,,,2022-03-21 15:48:18,2022-03-30 04:26:27
78,UTC,usd,5_day,,#9685f9,#02b1f0,#67d0f6,#ff9f43,1,10,1,1,2,1,1,,,,70,3,210,3,#7C67F8,"[""Initiation"",""Planning"",""Execution"",""Close""]",,0,0,,,2022-03-26 11:51:53,2022-03-30 04:26:27
79,UTC,usd,5_day,F5ihoEn9ztqnNLs0I2rHaU2s0N2S4kDssEtzFFJX.jpg,#9685f9,#02b1f0,#ff9f43,#798B92,1,10,1,1,2,1,1,,,,70,3,210,5,#7FD0ED,"[""Initiation"",""Planning"",""Execution"",""Close""]",,0,0,,,2022-03-26 12:11:27,2022-04-09 08:48:20
80,UTC,usd,5_day,,#9685f9,#02b1f0,#67d0f6,#ff9f43,1,10,1,1,2,1,1,,,,70,3,210,3,#7C67F8,"[""Initiation"",""Planning"",""Execution"",""Close""]",,0,0,,,2022-03-26 12:15:02,2022-03-30 04:26:27
81,UTC,usd,5_day,,#9685f9,#02b1f0,#67d0f6,#ff9f43,1,10,1,1,2,1,1,,,,70,3,210,3,#7C67F8,"[""Initiation"",""Planning"",""Execution"",""Close""]",,0,0,,,2022-03-26 12:42:27,2022-03-30 04:26:27
82,UTC,usd,5_day,,#9685f9,#02b1f0,#67d0f6,#ff9f43,1,10,1,1,2,1,1,80.0,10.0,10.0,70,3,210,3,#7C67F8,"[""Initiation"",""Planning"",""Execution"",""Close""]",,0,0,,Need to secure the PO from the school board as soon as possible.,2022-03-29 09:59:10,2022-04-26 04:32:38
83,UTC,usd,5_day,,#9685f9,#02b1f0,#67d0f6,#ff9f43,1,10,1,1,2,1,1,60.0,30.0,10.0,70,3,210,3,#7C67F8,"[""Initiation"",""Planning"",""Execution"",""Close""]",,90,40,,,2022-03-29 10:06:36,2022-04-26 04:18:02
84,UTC,usd,5_day,,#9685f9,#02b1f0,#67d0f6,#ff9f43,1,10,1,1,2,1,1,,,,70,3,210,3,#7C67F8,"[""Initiation"",""Planning"",""Execution"",""Close""]",,0,0,,,2022-03-29 15:17:53,2022-03-30 04:26:27
85,UTC,usd,5_day,,#9685f9,#02b1f0,#67d0f6,#ff9f43,1,10,1,1,2,1,1,,,,70,3,210,3,#7C67F8,"[""Initiation"",""Planning"",""Execution"",""Close""]",,0,0,,,2022-03-29 15:31:26,2022-03-30 04:26:27
86,UTC,usd,5_day,,#9685f9,#02b1f0,#67d0f6,#ff9f43,1,10,1,1,2,1,1,,,,70,3,210,3,#7C67F8,"[""Initiation"",""Planning"",""Execution"",""Close""]",,0,0,,,2022-03-29 16:10:50,2022-03-30 04:26:27
87,UTC,usd,5_day,,#9685f9,#02b1f0,#67d0f6,#ff9f43,1,10,1,1,2,1,1,,,,70,3,210,3,#7C67F8,"[""Initiation"",""Planning"",""Execution"",""Close""]",,0,0,,,2022-03-30 14:45:33,2022-03-30 14:45:33
88,UTC,usd,5_day,,#9685f9,#02b1f0,#67d0f6,#ff9f43,1,10,1,1,2,1,1,,,,70,3,210,3,#7C67F8,"[""Initiation"",""Planning"",""Execution"",""Close""]",,0,0,,,2022-03-30 15:23:22,2022-03-30 15:23:22
89,UTC,usd,5_day,,#9685f9,#02b1f0,#67d0f6,#ff9f43,1,10,1,1,2,1,1,,,,70,3,210,3,#7C67F8,"[""Initiation"",""Planning"",""Execution"",""Close""]",,0,0,,,2022-03-30 15:39:07,2022-03-30 15:39:07
90,UTC,usd,5_day,,#9685f9,#02b1f0,#67d0f6,#ff9f43,0,25,1,1,10,1,1,,,,70,3,210,3,#7C67F8,"[""Initiation"",""Planning"",""Execution"",""Close""]",,0,0,,,2022-03-31 05:06:40,2022-03-31 05:07:55
91,UTC,cad,5_day,,#9685f9,#02b1f0,#67d0f6,#ff9f43,1,10,1,1,5,1,1,,,,70,3,210,3,#7C67F8,"[""Initiation"",""Planning"",""Execution"",""Close""]",,0,15,,,2022-03-31 06:39:34,2023-06-08 06:13:37
92,UTC,usd,5_day,,#9685f9,#02b1f0,#67d0f6,#ff9f43,1,10,1,1,2,1,1,,,,70,3,210,3,#7C67F8,"[""Initiation"",""Planning"",""Execution"",""Close""]",,0,0,,,2022-04-01 13:23:44,2022-04-01 13:23:44
93,UTC,usd,5_day,,#9685f9,#02b1f0,#67d0f6,#ff9f43,1,10,1,1,2,1,1,,,,70,3,210,3,#7C67F8,"[""Initiation"",""Planning"",""Execution"",""Close""]",,0,0,,,2022-04-01 13:24:24,2022-04-01 13:24:24
94,UTC,usd,5_day,,#9685f9,#02b1f0,#67d0f6,#ff9f43,1,10,1,1,2,1,1,,,,70,3,210,3,#7C67F8,"[""Initiation"",""Planning"",""Execution"",""Close""]",,0,0,,,2022-04-01 15:24:20,2022-04-01 15:24:20
95,UTC,usd,5_day,,#9685f9,#02b1f0,#67d0f6,#ff9f43,1,10,1,1,2,1,1,80.0,20.0,0.0,70,3,210,3,#7C67F8,"[""Initiation"",""Planning"",""Execution"",""Close""]",,0,0,,,2022-04-02 14:24:06,2022-04-02 14:24:06
96,UTC,usd,5_day,,#9685f9,#02b1f0,#67d0f6,#ff9f43,1,10,1,1,2,1,1,100.0,0.0,0.0,70,3,210,3,#7C67F8,"[""Initiation"",""Planning"",""Execution"",""Close""]",,0,0,,,2022-04-02 15:44:43,2022-04-02 15:44:43
97,UTC,cad,5_day,,#9685f9,#02b1f0,#67d0f6,#ff9f43,1,10,1,1,2,1,1,50.0,0.0,50.0,70,3,210,3,#7C67F8,"[""Initiation"",""Planning"",""Execution"",""Close""]",,0,0,,,2022-04-05 13:19:53,2022-04-05 13:19:53
98,UTC,usd,5_day,,#9685f9,#02b1f0,#67d0f6,#ff9f43,1,10,1,1,2,1,1,100.0,0.0,0.0,70,3,210,3,#7C67F8,"[""Initiation"",""Planning"",""Execution"",""Close""]",,0,0,,,2022-04-12 07:25:49,2022-04-12 07:25:49
99,UTC,usd,5_day,,#9685f9,#02b1f0,#67d0f6,#ff9f43,1,10,1,1,2,1,1,,,,70,3,210,3,#7C67F8,"[""Initiation"",""Planning"",""Execution"",""Close""]",,0,0,,,2022-04-29 05:45:00,2022-04-29 05:45:00
100,UTC,cad,5_day,,#9685f9,#02b1f0,#67d0f6,#ff9f43,1,10,1,1,2,1,1,,,,70,3,210,3,#7C67F8,"[""Initiation"",""Planning"",""Execution"",""Close""]",,0,0,,,2022-05-11 05:00:10,2022-05-11 05:00:10
101,UTC,cad,5_day,Zea4jXaw8U2X6fhwRpi5CZCdHRp5N53VkETBox1Q.jpg,#9685f9,#02b1f0,#67d0f6,#ff9f43,1,10,1,1,2,1,1,,,,70,3,210,3,#7C67F8,"[""Initiation"",""Planning"",""Execution"",""Close""]",,0,0,,,2022-05-11 06:11:41,2022-05-11 06:12:11
102,UTC,cad,5_day,,#9685f9,#02b1f0,#67d0f6,#ff9f43,1,10,1,1,2,1,1,,,,70,3,210,3,#7C67F8,"[""Initiation"",""Planning"",""Execution"",""Close""]",,0,0,,,2022-05-11 06:35:30,2022-05-11 06:35:30
103,UTC,usd,5_day,,#9685f9,#02b1f0,#67d0f6,#ff9f43,1,10,1,1,2,1,1,,,,70,3,210,3,#7C67F8,"[""Initiation"",""Planning"",""Execution"",""Close""]",,0,0,,,2022-05-11 07:25:52,2022-05-11 07:25:52
104,UTC,usd,5_day,,#9685f9,#02b1f0,#67d0f6,#ff9f43,1,10,1,1,2,1,1,,,,70,3,210,3,#7C67F8,"[""Initiation"",""Planning"",""Execution"",""Close""]",,0,0,,,2022-05-21 14:38:53,2022-05-21 14:38:53
105,UTC,usd,5_day,,#9685f9,#02b1f0,#67d0f6,#ff9f43,1,10,1,1,2,1,1,,,,70,3,210,3,#7C67F8,"[""Initiation"",""Planning"",""Execution"",""Close""]",,0,0,,,2022-06-01 15:38:34,2022-06-01 15:38:34
106,UTC,usd,5_day,,#9685f9,#02b1f0,#67d0f6,#ff9f43,1,10,1,1,2,1,1,,,,70,3,210,3,#7C67F8,"[""Initiation"",""Planning"",""Execution"",""Close""]",,0,0,,,2022-06-01 16:49:59,2022-06-01 16:49:59
107,UTC,usd,5_day,,#9685f9,#02b1f0,#67d0f6,#ff9f43,1,10,1,1,2,1,1,,,,70,3,210,3,#7C67F8,"[""Initiation"",""Planning"",""Execution"",""Close""]",,0,0,,,2022-06-10 07:13:19,2022-06-10 07:13:19
108,UTC,cad,5_day,,#9685f9,#02b1f0,#67d0f6,#ff9f43,1,10,1,1,2,1,1,,,,70,3,210,3,#7C67F8,"[""Initiation"",""Planning"",""Execution"",""Close""]",,0,0,,,2022-06-16 04:56:17,2022-06-16 04:56:17
109,UTC,usd,5_day,,#9685f9,#02b1f0,#67d0f6,#ff9f43,1,10,1,1,2,1,1,,,,70,3,210,3,#7C67F8,"[""Initiation"",""Planning"",""Execution"",""Close""]",,0,0,,,2022-06-17 06:52:54,2022-06-17 06:52:54
110,UTC,usd,5_day,,#9685f9,#02b1f0,#67d0f6,#ff9f43,1,10,1,1,2,1,1,,,,70,3,210,3,#7C67F8,"[""Initiation"",""Planning"",""Execution"",""Close""]",,0,0,,,2022-06-20 06:24:48,2022-06-20 06:24:48
111,UTC,usd,5_day,,#9685f9,#02b1f0,#67d0f6,#ff9f43,1,10,1,1,2,1,1,,,,70,3,210,3,#7C67F8,"[""Initiation"",""Planning"",""Execution"",""Close""]",,0,0,,,2022-06-20 06:45:47,2022-06-20 06:45:47
112,UTC,usd,5_day,,#9685f9,#02b1f0,#67d0f6,#ff9f43,1,10,1,1,2,1,1,,,,70,3,210,3,#7C67F8,"[""Initiation"",""Planning"",""Execution"",""Close""]",,0,0,,,2022-06-20 07:18:29,2022-06-20 07:18:29
113,UTC,usd,5_day,,#9685f9,#02b1f0,#67d0f6,#ff9f43,1,10,1,1,2,1,1,,,,70,3,210,3,#7C67F8,"[""Initiation"",""Planning"",""Execution"",""Close""]",,0,0,,,2022-06-21 05:03:28,2022-06-21 05:03:28
114,UTC,usd,5_day,,#9685f9,#02b1f0,#67d0f6,#ff9f43,1,10,1,1,2,1,1,,,,70,3,210,3,#7C67F8,"[""Initiation"",""Planning"",""Execution"",""Close""]",,0,0,,,2022-07-14 06:46:17,2022-07-14 06:46:17
115,UTC,usd,5_day,,#9685f9,#02b1f0,#67d0f6,#ff9f43,1,10,1,1,2,1,1,,,,70,3,210,3,#7C67F8,"[""Initiation"",""Planning"",""Execution"",""Close""]",,0,0,,,2022-07-14 06:46:45,2022-07-14 06:46:45
116,UTC,usd,5_day,,#9685f9,#02b1f0,#67d0f6,#ff9f43,1,10,1,1,2,1,1,,,,70,3,210,3,#7C67F8,"[""Initiation"",""Planning"",""Execution"",""Close""]",,0,0,,,2022-07-14 07:54:25,2022-07-14 07:54:25
117,UTC,cad,5_day,,#9685f9,#02b1f0,#67d0f6,#ff9f43,1,10,1,1,2,1,1,25.0,25.0,50.0,70,3,210,3,#7C67F8,"[""Initiation"",""Planning"",""Execution"",""Close""]",,0,0,,,2022-08-10 20:37:27,2022-08-10 20:37:27
118,UTC,usd,5_day,,#9685f9,#02b1f0,#67d0f6,#ff9f43,1,10,1,1,2,1,1,60.0,20.0,20.0,70,3,210,3,#7C67F8,"[""Initiation"",""Planning"",""Execution"",""Close""]",,0,0,,,2022-08-23 11:06:58,2022-08-23 11:06:58
119,UTC,usd,5_day,,#9685f9,#02b1f0,#67d0f6,#ff9f43,1,10,1,1,2,1,1,,,,70,3,210,3,#7C67F8,"[""Initiation"",""Planning"",""Execution"",""Close""]",,0,0,,,2022-09-01 12:06:46,2022-09-01 12:06:47
120,UTC,usd,5_day,,#9685f9,#02b1f0,#67d0f6,#ff9f43,1,10,1,1,2,1,1,,,,70,3,210,3,#7C67F8,"[""Initiation"",""Planning"",""Execution"",""Close""]",,0,0,,,2022-09-29 14:22:25,2022-09-29 14:22:25
121,UTC,usd,5_day,,#9685f9,#02b1f0,#67d0f6,#ff9f43,1,10,1,1,2,1,1,,,,70,3,210,3,#7C67F8,"[""Initiation"",""Planning"",""Execution"",""Close""]",,0,0,,,2022-09-29 15:14:47,2022-09-29 15:14:47
122,UTC,usd,5_day,,#9685f9,#02b1f0,#67d0f6,#ff9f43,1,10,1,1,2,1,1,,,,70,3,210,3,#7C67F8,"[""Initiation"",""Planning"",""Execution"",""Close""]",,0,0,,,2022-09-29 15:28:00,2022-09-29 15:28:00
123,UTC,usd,5_day,,#9685f9,#02b1f0,#67d0f6,#ff9f43,1,10,1,1,2,1,1,,,,70,3,210,3,#7C67F8,"[""Initiation"",""Planning"",""Execution"",""Close""]",,0,0,,,2022-10-04 15:20:27,2022-10-04 15:20:27
124,UTC,usd,5_day,,#9685f9,#02b1f0,#67d0f6,#ff9f43,1,10,1,1,2,1,1,,,,70,3,210,3,#7C67F8,"[""Initiation"",""Planning"",""Execution"",""Close""]",,0,0,,,2022-10-04 15:51:41,2022-10-04 15:51:41
125,UTC,usd,5_day,,#9685f9,#02b1f0,#67d0f6,#ff9f43,1,10,1,1,10,1,1,,,,70,3,210,3,#7C67F8,"[""Initiation"",""Planning"",""Execution"",""Close""]",,100,20,,,2022-10-04 16:51:36,2022-11-24 05:39:46
126,UTC,usd,5_day,,#9685f9,#02b1f0,#67d0f6,#ff9f43,1,10,1,1,20,1,1,50.0,45.0,5.0,70,3,210,3,#7C67F8,"[""Ideation"",""Concept"",""Initiation"",""Planning"",""Execution"",""Close""]",,95,65,Budget issues,"We continue to work with the team to keep the project ""green"".",2022-10-21 10:12:57,2024-01-24 07:53:16
127,UTC,cad,5_day,,#9685f9,#02b1f0,#67d0f6,#ff9f43,1,10,1,1,2,1,1,50.0,10.0,40.0,70,3,210,3,#7C67F8,"[""Assess for Bid"",""Section & Fees Content"",""Prepare Response & Effort"",""Submit Response"",""Close""]",,95,10,back on track,,2022-11-08 12:20:10,2024-01-17 04:11:56
128,UTC,usd,5_day,,#9685f9,#02b1f0,#67d0f6,#ff9f43,1,10,1,1,2,1,1,30.0,30.0,40.0,70,3,210,3,#7C67F8,"[""Assess for Bid"",""Section & Fees Content"",""Prepare Response & LoE"",""Submit Response""]",,0,20,,,2022-11-08 12:20:40,2022-11-08 13:32:57
129,UTC,usd,5_day,,#9685f9,#02b1f0,#67d0f6,#ff9f43,1,10,1,1,2,1,1,20.0,50.0,30.0,70,3,210,3,#7C67F8,"[""Assess for Bid"",""Section & Fees Content"",""Prepare Response & LoE"",""Submit Response""]",,0,5,,,2022-11-08 12:21:11,2022-11-08 13:33:29
130,UTC,usd,5_day,,#9685f9,#02b1f0,#67d0f6,#ff9f43,1,10,1,1,2,1,1,,,,70,3,210,3,#7C67F8,"[""Initiation"",""Planning"",""Execution"",""Close""]",,0,0,,,2022-11-09 05:07:33,2022-11-09 05:07:33
131,UTC,usd,5_day,,#9685f9,#02b1f0,#67d0f6,#ff9f43,1,10,1,1,2,1,1,,,,70,3,210,3,#7C67F8,"[""Initiation"",""Planning"",""Execution"",""Close""]",,0,0,,,2023-01-27 07:56:33,2023-01-27 07:56:33
132,UTC,usd,5_day,,#9685f9,#02b1f0,#67d0f6,#ff9f43,1,10,1,1,5,1,1,,,,70,2,140,3,#7C67F8,"[""Initiation"",""Planning"",""Execution"",""Close""]",,100,15,"Having some difficulties meeting the schedule with the service IT group. To address this uncertainty, we undertook significant experimentation, prototyping, and innovation efforts. We formulated a hypothesis about the compatibility of different CSV file formats and structures with our application and tested this hypothesis through systematic experimentation.","Overall, our R&D efforts focused on addressing the technological uncertainties related to importing project plans in CSV format, through systematic experimentation, prototyping, and innovation.",2023-02-09 07:26:40,2024-01-29 08:58:51
133,UTC,usd,5_day,,#9685f9,#02b1f0,#67d0f6,#ff9f43,0,10,1,1,15,1,1,,,,70,3,210,3,#7C67F8,"[""Initiation"",""Planning"",""Execution"",""Close""]",,90,15,Early issues with obtaining permits could move end date,,2023-02-13 09:36:53,2024-01-17 04:27:38
134,UTC,usd,5_day,,#9685f9,#02b1f0,#67d0f6,#ff9f43,1,10,1,1,2,1,1,,,,70,3,210,3,#7C67F8,"[""Initiation"",""Planning"",""Execution"",""Close""]",,0,0,,,2023-03-07 06:27:45,2023-03-07 06:27:45
135,UTC,usd,5_day,,#9685f9,#02b1f0,#67d0f6,#ff9f43,1,10,1,1,2,1,1,50.0,20.0,30.0,70,3,210,3,#7C67F8,"[""Initiation"",""Planning"",""Execution"",""Close""]",,0,0,,,2023-03-28 05:44:05,2023-03-28 05:44:05
137,UTC,usd,5_day,,#9685f9,#02b1f0,#67d0f6,#ff9f43,1,10,1,1,2,1,1,50.0,20.0,30.0,70,3,210,3,#7C67F8,"[""Initiation"",""Planning"",""Execution"",""Close""]",,0,0,,,2023-03-28 06:27:49,2023-03-28 06:27:49
138,UTC,usd,5_day,,#9685f9,#02b1f0,#67d0f6,#ff9f43,1,10,1,1,2,1,1,50.0,20.0,30.0,70,3,210,3,#7C67F8,"[""Initiation"",""Planning"",""Execution"",""Close""]",,0,0,,,2023-03-28 08:34:07,2023-03-28 08:34:07
139,UTC,usd,5_day,,#9685f9,#02b1f0,#67d0f6,#ff9f43,1,10,1,1,2,1,1,50.0,20.0,30.0,70,3,210,3,#7C67F8,"[""Initiation"",""Planning"",""Execution"",""Close""]",,0,0,"Lorem ipsum dolor sit amet, consectetur adipiscing elit, sed do eiusmod tempor incididunt ut labore et dolore magna aliqua. Ut enim ad minim veniam, quis nostrud exercitation ullamco laboris nisi ut aliquip ex ea commodo consequat. Duis aute irure dolor in reprehenderit in voluptate velit esse cillum dolore eu fugiat nulla pariatur. Excepteur sint occaecat cupidatat non proident, sunt in culpa qui officia deserunt mollit anim id est laborum.",,2023-03-28 09:02:54,2023-04-07 08:29:03
141,UTC,usd,5_day,,#9685f9,#02b1f0,#67d0f6,#ff9f43,1,10,1,1,2,1,1,50.0,20.0,30.0,70,3,210,3,#7C67F8,"[""Initiation"",""Planning"",""Execution"",""Close""]",,0,0,,,2023-03-31 10:13:14,2023-03-31 10:13:14
150,UTC,usd,5_day,,#9685f9,#02b1f0,#67d0f6,#ff9f43,1,10,1,1,2,1,1,50.0,20.0,30.0,70,3,210,3,#7C67F8,"[""Initiation"",""Planning"",""Execution"",""Close""]",,0,0,,,2023-04-10 07:33:22,2023-04-10 07:33:22
156,UTC,usd,5_day,,#9685f9,#02b1f0,#67d0f6,#ff9f43,1,10,1,1,2,1,1,50.0,20.0,30.0,70,3,210,3,#7C67F8,"[""Initiation"",""Planning"",""Execution"",""Close""]",,0,0,,,2023-04-17 07:59:16,2023-04-17 07:59:16
160,UTC,usd,5_day,,#9685f9,#02b1f0,#67d0f6,#ff9f43,1,10,1,1,2,1,1,50.0,20.0,30.0,70,3,210,3,#7C67F8,"[""Initiation"",""Planning"",""Execution"",""Close""]",,0,0,,,2023-04-17 08:13:46,2023-04-17 08:13:46
161,UTC,usd,5_day,,#9685f9,#02b1f0,#67d0f6,#ff9f43,1,10,1,1,2,1,1,50.0,20.0,30.0,70,3,210,3,#7C67F8,"[""Initiation"",""Planning"",""Execution"",""Close""]",,0,0,,,2023-04-17 08:19:48,2023-04-17 08:19:48
162,UTC,usd,5_day,,#9685f9,#02b1f0,#67d0f6,#ff9f43,1,10,1,1,2,1,1,50.0,20.0,30.0,70,3,210,3,#7C67F8,"[""Initiation"",""Planning"",""Execution"",""Close""]",,0,0,,,2023-04-17 08:27:11,2023-04-17 08:27:11
166,UTC,usd,5_day,,#9685f9,#02b1f0,#67d0f6,#ff9f43,1,10,1,1,2,1,1,50.0,20.0,30.0,70,3,210,3,#7C67F8,"[""Initiation"",""Planning"",""Execution"",""Close""]",,0,0,,,2023-04-17 09:14:11,2023-04-17 09:14:11
167,UTC,usd,5_day,,#9685f9,#02b1f0,#67d0f6,#ff9f43,1,10,1,1,2,1,1,50.0,20.0,30.0,70,3,210,3,#7C67F8,"[""Initiation"",""Planning"",""Execution"",""Close""]",,0,0,,,2023-04-17 09:27:18,2023-04-17 09:27:18
170,UTC,usd,5_day,,#9685f9,#02b1f0,#67d0f6,#ff9f43,1,10,1,1,2,1,1,50.0,20.0,30.0,70,3,210,3,#7C67F8,"[""Initiation"",""Planning"",""Execution"",""Close""]",,0,0,,,2023-04-17 09:54:14,2023-04-17 09:54:14
171,UTC,usd,5_day,,#9685f9,#02b1f0,#67d0f6,#ff9f43,1,10,1,1,2,1,1,50.0,20.0,30.0,70,3,210,3,#7C67F8,"[""Initiation"",""Planning"",""Execution"",""Close""]",,0,0,,,2023-04-20 11:43:42,2023-04-20 11:43:42
172,UTC,usd,5_day,,#9685f9,#02b1f0,#67d0f6,#ff9f43,1,10,1,1,2,1,1,50.0,20.0,30.0,70,3,210,3,#7C67F8,"[""Initiation"",""Planning"",""Execution"",""Close""]",,0,0,,,2023-04-20 11:50:40,2023-04-20 11:50:40
173,UTC,usd,5_day,,#9685f9,#02b1f0,#67d0f6,#ff9f43,1,10,1,1,2,1,1,50.0,20.0,30.0,70,3,210,3,#7C67F8,"[""Initiation"",""Planning"",""Execution"",""Close""]",,0,0,,,2023-04-20 12:18:59,2023-04-20 12:18:59
174,UTC,usd,5_day,,#9685f9,#02b1f0,#67d0f6,#ff9f43,1,10,1,1,2,1,1,50.0,20.0,30.0,70,3,210,3,#7C67F8,"[""Initiation"",""Planning"",""Execution"",""Close""]",,0,0,,,2023-04-20 12:24:52,2023-04-20 12:24:52
176,UTC,usd,5_day,,#9685f9,#02b1f0,#67d0f6,#ff9f43,1,10,1,1,2,1,1,50.0,20.0,30.0,70,3,210,3,#7C67F8,"[""Initiation"",""Planning"",""Execution"",""Close""]",,0,50,"existing system had limited functionality for importing project plans, and we were uncertain about the compatibility of the CSV file format and structure with our application.

To address this uncertainty, we undertook significant experimentation, prototyping, and innovation efforts. We formulated a hypothesis about the compatibility of different CSV file formats and structures with our application, and tested this hypothesis through systematic experimentation. Through this process, we developed a custom CSV import module that seamlessly integrated with our project work tracking application.
existing system had limited functionality for importing project plans, and we were uncertain about the compatibility of the CSV file format and structure with our application.

To address this uncertainty, we undertook significant experimentation, prototyping, and innovation efforts. We formulated a hypothesis about the compatibility of different CSV file formats and structures with our application, and tested this hypothesis through systematic experimentation. Through this process, we developed a custom CSV import module that seamlessly integrated with our project work tracking application.","existing system had limited functionality for importing project plans, and we were uncertain about the compatibility of the CSV file format and structure with our application.

To address this uncertainty, we undertook significant experimentation, prototyping, and innovation efforts. We formulated a hypothesis about the compatibility of different CSV file formats and structures with our application, and tested this hypothesis through systematic experimentation. Through this process, we developed a custom CSV import module that seamlessly integrated with our project work tracking application.

Our R&D efforts focused on developing a new and novel solution to the technological uncertainty, which could not be resolved using standard practice or existing knowledge. By developing a custom software module and implementing enhanced functionality for manipulating and analyzing the data within our application, we were able to significantly improve our project management processes.

Overall, our R&D efforts focused on addressing the technological uncertainties related to importing project plans in CSV format, through systematic experimentation, prototyping, and innovation. The resulting custom software module and enhanced application functionality represent a significant innovation and a new solution to the technological challenges faced by our organization.",2023-04-20 13:03:06,2023-04-24 10:07:32
177,UTC,usd,5_day,,#9685f9,#02b1f0,#67d0f6,#ff9f43,1,10,1,1,2,1,1,50.0,20.0,30.0,70,3,210,3,#7C67F8,"[""Initiation"",""Planning"",""Execution"",""Close""]",,0,80,"No, a successful solution to each technical uncertainty is not required for eligibility to claim SR&ED tax incentives. In fact, one of the  involve a systemati be set herer so that the input of the information is part aof the knowledge No, a successful solution to each technical uncertainty is not required for eligibility to claim SR&ED tax incentives. In fact, one of the main criteria for SR&ED eligibility is that the work involved in",,2023-04-20 13:05:28,2023-04-24 08:19:02
179,UTC,usd,5_day,,#9685f9,#02b1f0,#67d0f6,#ff9f43,1,10,1,1,2,1,1,50.0,20.0,30.0,70,3,210,3,#7C67F8,"[""Initiation"",""Planning"",""Execution"",""Close""]",,0,0,"No, a successful solution to each technical uncertainty is not required for eligibility to claim SR&ED tax incentives. In fact, one of the main criteria for SR&ED eligibility is that the work involved in addressing the technical uncertainty must involve a systematic investigation or search that is carried out in a scientific or technological field by means of experimentation or analysis.

The goal of the SR&ED program is to encourage Canadian businesses of all sizes and more","No, a successful solution to each technical uncertainty is not required for eligibility to claim SR&ED tax incentives. In fact, one of the main criteria for SR&ED eligibility is that the work involved in addressing the technical uncertainty must involve a systematic investigation or search that is carried out in a scientific or technological field by means of experimentation or analisis",2023-04-20 13:50:28,2023-04-24 09:13:52
182,UTC,usd,5_day,,#9685f9,#02b1f0,#67d0f6,#ff9f43,1,10,1,1,2,1,1,50.0,20.0,30.0,70,3,210,3,#7C67F8,"[""Initiation"",""Planning"",""Execution"",""Close""]",,0,0,"Our R&D efforts focused on developing a new and novel solution to the technological uncertainty, which could not be resolved using standard practice or existing knowledge. By developing a custom software module and implementing enhanced functionality for manipulating and analyzing the data within our application, we were able to significantly improve our project management processes. Our R&D efforts focused on developing a new and novel solution to the technological uncertainty, which could not be resolved using standard practice or existing knowledge. By developing a custom software module and implementing enhanced functionality for manipulating and analyzing the data within our application, we were able to significantly improve our project management processes.","Our R&D efforts focused on developing a new and novel solution to the technological uncertainty, which could not be resolved using standard practice or existing knowledge. By developing a custom software module and implementing enhanced functionality for manipulating and analyzing the data within our application, we were able to significantly improve our project management processes.",2023-04-25 08:03:52,2023-04-25 08:05:05
185,UTC,usd,5_day,,#9685f9,#02b1f0,#67d0f6,#ff9f43,1,10,1,1,2,1,1,50.0,20.0,30.0,70,3,210,3,#7C67F8,"[""Initiation"",""Planning"",""Execution"",""Close""]",,0,0,,,2023-04-25 08:16:18,2023-04-25 08:16:18
186,UTC,usd,5_day,,#9685f9,#02b1f0,#67d0f6,#ff9f43,1,10,1,1,2,1,1,50.0,20.0,30.0,70,3,210,3,#7C67F8,"[""Initiation"",""Planning"",""Execution"",""Close""]",,0,0,,,2023-04-25 08:21:29,2023-04-25 08:21:29
187,UTC,usd,5_day,,#9685f9,#02b1f0,#67d0f6,#ff9f43,1,10,1,1,2,1,1,50.0,20.0,30.0,70,3,210,3,#7C67F8,"[""Initiation"",""Planning"",""Execution"",""Close""]",,0,0,,,2023-04-25 08:28:22,2023-04-25 08:28:22
188,UTC,usd,5_day,,#9685f9,#02b1f0,#67d0f6,#ff9f43,1,10,1,1,2,1,1,50.0,20.0,30.0,70,3,210,3,#7C67F8,"[""Initiation"",""Planning"",""Execution"",""Close""]",,0,0,,,2023-04-25 08:34:18,2023-04-25 08:34:18
189,UTC,usd,5_day,,#9685f9,#02b1f0,#67d0f6,#ff9f43,1,10,1,1,2,1,1,50.0,20.0,30.0,70,3,210,3,#7C67F8,"[""Initiation"",""Planning"",""Execution"",""Close""]",,0,0,,,2023-04-25 08:46:56,2023-04-25 08:46:56
190,UTC,usd,5_day,,#9685f9,#02b1f0,#67d0f6,#ff9f43,1,10,1,1,2,1,1,50.0,20.0,30.0,70,3,210,3,#7C67F8,"[""Initiation"",""Planning"",""Execution"",""Close""]",,0,0,This Is Being Done by using previous information from the TTC RFI/RFP and is being handled by Paul. There is no technical information being supplied specifically for this RFI response/project. This Is Being Done by using previous information from the TTC RFI/RFP and is being handled by Paul. There is no technical information being supplied specifically for this RFI response/project.,There is no technical information being supplied specifically for this RFI response/project.,2023-04-28 06:34:10,2023-05-01 04:18:43
191,UTC,usd,5_day,,#9685f9,#02b1f0,#67d0f6,#ff9f43,1,10,1,1,2,1,1,50.0,20.0,30.0,70,3,210,3,#7C67F8,"[""Initiation"",""Planning"",""Execution"",""Close""]",,0,0,,,2023-05-25 13:07:38,2023-05-25 13:07:38
192,UTC,usd,5_day,,#9685f9,#02b1f0,#67d0f6,#ff9f43,1,10,1,1,2,1,1,50.0,20.0,30.0,70,3,210,3,#7C67F8,"[""Initiation"",""Planning"",""Execution"",""Close""]",,0,0,,,2023-05-25 13:29:28,2023-05-25 13:29:28
193,UTC,usd,5_day,,#9685f9,#02b1f0,#67d0f6,#ff9f43,1,10,1,1,2,1,1,50.0,20.0,30.0,70,3,210,3,#7C67F8,"[""Initiation"",""Planning"",""Execution"",""Close""]",,0,40,Falling behind,,2023-05-25 13:52:42,2023-07-04 06:59:35
194,UTC,usd,5_day,,#9685f9,#02b1f0,#67d0f6,#ff9f43,1,10,1,1,2,1,1,,,,70,3,210,3,#7C67F8,"[""Initiation"",""Planning"",""Execution"",""Close""]",,0,0,,,2023-06-08 06:23:18,2023-06-08 06:23:18
195,UTC,usd,5_day,,#9685f9,#02b1f0,#67d0f6,#ff9f43,1,10,1,1,2,1,1,50.0,20.0,30.0,70,3,210,3,#7C67F8,"[""Initiation"",""Planning"",""Execution"",""Close""]",,0,0,,,2023-06-12 12:23:15,2023-06-12 12:23:15
196,UTC,usd,5_day,,#9685f9,#02b1f0,#67d0f6,#ff9f43,1,10,1,1,2,1,1,50.0,20.0,30.0,70,3,210,3,#7C67F8,"[""Initiation"",""Planning"",""Execution"",""Close""]",,0,0,,,2023-06-12 12:32:19,2023-06-12 12:32:19
197,UTC,usd,5_day,,#9685f9,#02b1f0,#67d0f6,#ff9f43,1,10,1,1,2,1,1,50.0,20.0,30.0,70,3,210,3,#7C67F8,"[""Initiation"",""Planning"",""Execution"",""Close""]",,0,0,,,2023-06-12 13:10:13,2023-06-12 13:10:13
198,UTC,usd,5_day,,#9685f9,#02b1f0,#67d0f6,#ff9f43,1,10,1,1,2,1,1,50.0,20.0,30.0,70,3,210,3,#7C67F8,"[""Initiation"",""Planning"",""Execution"",""Close""]",,0,0,,,2023-06-16 11:06:28,2023-06-16 11:06:28
199,UTC,usd,5_day,,#9685f9,#02b1f0,#67d0f6,#ff9f43,1,10,1,1,2,1,1,50.0,20.0,30.0,70,3,210,3,#7C67F8,"[""Initiation"",""Planning"",""Execution"",""Close""]",,0,0,,,2023-06-26 12:41:40,2023-06-26 12:41:40
200,UTC,usd,5_day,,#9685f9,#02b1f0,#67d0f6,#ff9f43,1,10,1,1,2,1,1,50.0,20.0,30.0,70,3,210,3,#7C67F8,"[""Initiation"",""Planning"",""Execution"",""Close""]",,0,0,,,2023-08-24 10:14:53,2023-08-24 10:14:53
201,UTC,usd,5_day,,#9685f9,#02b1f0,#67d0f6,#ff9f43,1,10,1,1,2,1,1,50.0,20.0,30.0,70,3,210,3,#7C67F8,"[""Initiation"",""Planning"",""Execution"",""Close""]",,85,0,Resources are not available as planned. We need to review the plan and to ensure availability to complete.,,2023-08-24 13:36:25,2023-11-07 07:36:54
202,UTC,usd,5_day,,#9685f9,#02b1f0,#67d0f6,#ff9f43,1,10,1,1,2,1,1,,,,70,3,210,3,#7C67F8,"[""Initiation"",""Planning"",""Execution"",""Close""]",,0,0,,,2023-08-25 12:20:06,2023-08-25 12:20:06
203,UTC,usd,5_day,,#9685f9,#02b1f0,#67d0f6,#ff9f43,1,10,1,1,2,1,1,50.0,20.0,30.0,70,3,210,3,#7C67F8,"[""Initiation"",""Planning"",""Execution"",""Close""]",,0,0,,,2023-08-30 11:08:12,2023-08-30 11:08:12
208,UTC,usd,5_day,,#9685f9,#02b1f0,#67d0f6,#ff9f43,1,10,1,1,2,1,1,,,,70,3,210,3,#7C67F8,"[""Initiation"",""Planning"",""Execution"",""Close""]",,0,0,,,2023-09-18 06:33:56,2023-09-18 06:33:56
211,UTC,usd,5_day,,#9685f9,#02b1f0,#67d0f6,#ff9f43,1,10,1,1,2,1,1,,,,70,3,210,3,#7C67F8,"[""Initiation"",""Planning"",""Execution"",""Close""]",,0,0,,,2023-10-17 12:29:09,2023-10-17 12:29:09
212,UTC,usd,5_day,,#9685f9,#02b1f0,#67d0f6,#ff9f43,1,10,1,1,2,1,1,50.0,20.0,30.0,70,3,210,3,#7C67F8,"[""Initiation"",""Planning"",""Execution"",""Close""]",,0,0,,,2023-11-16 12:46:43,2023-11-16 12:46:43
213,UTC,usd,5_day,,#9685f9,#02b1f0,#67d0f6,#ff9f43,1,10,1,1,2,1,1,50.0,20.0,30.0,70,3,210,3,#7C67F8,"[""Initiation"",""Planning"",""Execution"",""Close""]",,0,0,,,2023-11-22 10:58:09,2023-11-22 10:58:09
214,UTC,usd,5_day,,#9685f9,#02b1f0,#67d0f6,#ff9f43,1,10,1,1,2,1,1,50.0,20.0,30.0,70,3,210,3,#7C67F8,"[""Initiation"",""Planning"",""Execution"",""Close""]",,0,0,,,2023-11-28 06:12:52,2023-11-28 06:12:52
219,UTC,usd,5_day,,#9685f9,#02b1f0,#67d0f6,#ff9f43,1,10,1,1,2,1,1,50.0,20.0,30.0,70,3,210,3,#7C67F8,"[""Initiation"",""Planning"",""Execution"",""Close""]",,0,0,,,2024-01-30 14:42:44,2024-01-30 14:42:44
220,UTC,usd,5_day,,#9685f9,#02b1f0,#67d0f6,#ff9f43,1,10,1,1,2,1,1,50.0,20.0,30.0,70,3,210,3,#7C67F8,"[""Initiation"",""Planning"",""Execution"",""Close""]",,0,0,,,2024-01-30 14:45:05,2024-01-30 14:45:05
222,UTC,usd,5_day,,#9685f9,#02b1f0,#67d0f6,#ff9f43,1,10,1,1,2,1,1,50.0,20.0,30.0,70,3,210,3,#7C67F8,"[""Initiation"",""Planning"",""Execution"",""Close""]",,0,0,,,2024-01-30 14:48:42,2024-01-30 14:48:42
223,UTC,usd,5_day,,#9685f9,#02b1f0,#67d0f6,#ff9f43,1,10,1,1,2,1,1,50.0,20.0,30.0,70,3,210,3,#7C67F8,"[""Initiation"",""Planning"",""Execution"",""Close""]",,0,0,,,2024-01-30 14:50:22,2024-01-30 14:50:22
224,UTC,usd,5_day,,#9685f9,#02b1f0,#67d0f6,#ff9f43,1,10,1,1,2,1,1,50.0,20.0,30.0,70,3,210,3,#7C67F8,"[""Initiation"",""Planning"",""Execution"",""Close""]",,0,0,,,2024-01-30 14:52:00,2024-01-30 14:52:00
225,UTC,usd,5_day,,#9685f9,#02b1f0,#67d0f6,#ff9f43,1,10,1,1,2,1,1,50.0,20.0,30.0,70,3,210,3,#7C67F8,"[""Initiation"",""Planning"",""Execution"",""Close""]",,0,0,,,2024-01-30 14:53:26,2024-01-30 14:53:26
226,UTC,usd,5_day,,#9685f9,#02b1f0,#67d0f6,#ff9f43,1,10,1,1,2,1,1,50.0,20.0,30.0,70,3,210,3,#7C67F8,"[""Initiation"",""Planning"",""Execution"",""Close""]",,0,0,,,2024-01-30 14:55:09,2024-01-30 14:55:09
227,UTC,usd,5_day,,#9685f9,#02b1f0,#67d0f6,#ff9f43,1,10,1,1,2,1,1,50.0,20.0,30.0,70,3,210,3,#7C67F8,"[""Initiation"",""Planning"",""Execution"",""Close""]",,0,0,,,2024-01-30 14:56:58,2024-01-30 14:56:58
228,UTC,usd,5_day,,#9685f9,#02b1f0,#67d0f6,#ff9f43,1,10,1,1,2,1,1,50.0,20.0,30.0,70,3,210,3,#7C67F8,"[""Initiation"",""Planning"",""Execution"",""Close""]",,0,0,,,2024-01-30 15:01:25,2024-01-30 15:01:25
229,UTC,usd,5_day,,#9685f9,#02b1f0,#67d0f6,#ff9f43,1,10,1,1,2,1,1,50.0,20.0,30.0,70,3,210,3,#7C67F8,"[""Initiation"",""Planning"",""Execution"",""Close""]",,0,0,,,2024-01-30 15:14:44,2024-01-30 15:14:44
230,UTC,usd,5_day,,#9685f9,#02b1f0,#67d0f6,#ff9f43,1,10,1,1,2,1,1,50.0,20.0,30.0,70,3,210,3,#7C67F8,"[""Initiation"",""Planning"",""Execution"",""Close""]",,0,0,,,2024-01-30 15:19:34,2024-01-30 15:19:34
231,UTC,usd,5_day,,#9685f9,#02b1f0,#67d0f6,#ff9f43,1,10,1,1,2,1,1,50.0,20.0,30.0,70,3,210,3,#7C67F8,"[""Initiation"",""Planning"",""Execution"",""Close""]",,0,0,,,2024-01-30 15:24:28,2024-01-30 15:24:28
